Date;Open;High;Low;Close;Adj Close;Volume
02/01/2020;74.059.998;75.150.002;73.797.501;75.087.502;72.876.114;135480400
03/01/2020;74.287.498;75.144.997;74.125.000;74.357.498;72.167.610;146322800
06/01/2020;73.447.502;74.989.998;73.187.500;74.949.997;72.742.661;118387200
07/01/2020;74.959.999;75.224.998;74.370.003;74.597.504;72.400.543;108872000
08/01/2020;74.290.001;76.110.001;74.290.001;75.797.501;73.565.193;132079200
09/01/2020;76.809.998;77.607.498;76.550.003;77.407.501;75.127.800;170108400
10/01/2020;77.650.002;78.167.503;77.062.500;77.582.497;75.297.623;140644800
13/01/2020;77.910.004;79.267.502;77.787.498;79.239.998;76.906.303;121532000
14/01/2020;79.175.003;79.392.502;78.042.503;78.169.998;75.867.828;161954400
15/01/2020;77.962.502;78.875.000;77.387.497;77.834.999;75.542.694;121923600
16/01/2020;78.397.499;78.925.003;78.022.499;78.809.998;76.488.960;108829200
17/01/2020;79.067.497;79.684.998;78.750.000;79.682.503;77.335.777;137816400
21/01/2020;79.297.501;79.754.997;79.000.000;79.142.502;76.811.684;110843200
22/01/2020;79.644.997;79.997.498;79.327.499;79.425.003;77.085.907;101832400
23/01/2020;79.480.003;79.889.999;78.912.498;79.807.503;77.457.085;104472000
24/01/2020;80.062.500;80.832.497;79.379.997;79.577.499;77.233.871;146537600
27/01/2020;77.514.999;77.942.497;76.220.001;77.237.503;74.962.791;161940000
28/01/2020;78.150.002;79.599.998;78.047.501;79.422.501;77.083.420;162234000
29/01/2020;81.112.503;81.962.502;80.345.001;81.084.999;78.696.976;216229200
30/01/2020;80.135.002;81.022.499;79.687.500;80.967.499;78.582.947;126743200
31/01/2020;80.232.498;80.669.998;77.072.502;77.377.502;75.098.671;199588400
03/02/2020;76.074.997;78.372.498;75.555.000;77.165.001;74.892.426;173788400
04/02/2020;78.827.499;79.910.004;78.407.501;79.712.502;77.364.891;136616400
05/02/2020;80.879.997;81.190.002;79.737.503;80.362.503;77.995.758;118826800
06/02/2020;80.642.502;81.305.000;80.065.002;81.302.498;78.908.073;105425600
07/02/2020;80.592.499;80.849.998;79.500.000;80.007.500;77.835.503;117684000
10/02/2020;78.544.998;80.387.497;78.462.502;80.387.497;78.205.177;109348800
11/02/2020;80.900.002;80.974.998;79.677.498;79.902.496;77.733.353;94323200
12/02/2020;80.367.500;81.805.000;80.367.500;81.800.003;79.579.323;113730400
13/02/2020;81.047.501;81.555.000;80.837.502;81.217.499;79.012.642;94747600
14/02/2020;81.184.998;81.495.003;80.712.502;81.237.503;79.032.104;80113600
18/02/2020;78.839.996;79.937.500;78.652.496;79.750.000;77.584.984;152531200
19/02/2020;80.000.000;81.142.502;80.000.000;80.904.999;78.708.626;93984000
20/02/2020;80.657.501;81.162.498;79.552.498;80.074.997;77.901.161;100566000
21/02/2020;79.654.999;80.112.503;77.625.000;78.262.497;76.137.886;129554000
24/02/2020;74.315.002;76.044.998;72.307.503;74.544.998;72.521.294;222195200
25/02/2020;75.237.503;75.632.500;71.532.501;72.019.997;70.064.850;230673600
26/02/2020;71.632.500;74.470.001;71.625.000;73.162.498;71.176.323;198054800
27/02/2020;70.275.002;71.500.000;68.239.998;68.379.997;66.523.666;320605600
28/02/2020;64.315.002;69.602.501;64.092.499;68.339.996;66.484.734;426510000
02/03/2020;70.570.000;75.360.001;69.430.000;74.702.499;72.674.500;341397200
03/03/2020;75.917.503;76.000.000;71.449.997;72.330.002;70.366.432;319475600
04/03/2020;74.110.001;75.849.998;73.282.501;75.684.998;73.630.341;219178400
05/03/2020;73.879.997;74.887.497;72.852.501;73.230.003;71.241.989;187572800
06/03/2020;70.500.000;72.705.002;70.307.503;72.257.500;70.295.898;226176800
09/03/2020;65.937.500;69.522.499;65.750.000;66.542.503;64.736.031;286744800
10/03/2020;69.285.004;71.610.001;67.342.499;71.334.999;69.398.438;285290000
11/03/2020;69.347.504;70.305.000;67.964.996;68.857.498;66.988.182;255598800
12/03/2020;63.985.001;67.500.000;62.000.000;62.057.499;60.372.791;418474000
13/03/2020;66.222.504;69.980.003;63.237.499;69.492.500;67.605.927;370732000
16/03/2020;60.487.499;64.769.997;60.000.000;60.552.502;58.908.657;322423600
17/03/2020;61.877.499;64.402.496;59.599.998;63.215.000;61.498.882;324056000
18/03/2020;59.942.501;62.500.000;59.279.999;61.667.500;59.993.378;300233600
19/03/2020;61.847.500;63.209.999;60.652.500;61.195.000;59.533.714;271857200
20/03/2020;61.794.998;62.957.500;57.000.000;57.310.001;55.754.185;401693200
23/03/2020;57.020.000;57.125.000;53.152.500;56.092.499;54.569.736;336752800
24/03/2020;59.090.000;61.922.501;58.575.001;61.720.001;60.044.460;287531200
25/03/2020;62.687.500;64.562.500;61.075.001;61.380.001;59.713.684;303602000
26/03/2020;61.630.001;64.669.998;61.590.000;64.610.001;62.855.995;252087200
27/03/2020;63.187.500;63.967.499;61.762.501;61.935.001;60.253.628;204216800
30/03/2020;62.685.001;63.880.001;62.349.998;63.702.499;61.973.137;167976400
31/03/2020;63.900.002;65.622.498;63.000.000;63.572.498;61.846.664;197002000
01/04/2020;61.625.000;62.180.000;59.782.501;60.227.501;58.592.484;176218400
02/04/2020;60.084.999;61.287.498;59.224.998;61.232.498;59.570.187;165934000
03/04/2020;60.700.001;61.424.999;59.742.500;60.352.501;58.714.092;129880000
06/04/2020;62.724.998;65.777.496;62.345.001;65.617.500;63.836.155;201820400
07/04/2020;67.699.997;67.925.003;64.750.000;64.857.498;63.096.783;202887200
08/04/2020;65.684.998;66.842.499;65.307.503;66.517.502;64.711.723;168895200
09/04/2020;67.175.003;67.517.502;66.175.003;66.997.498;65.178.696;161834800
13/04/2020;67.077.499;68.425.003;66.457.497;68.312.500;66.457.993;131022800
14/04/2020;70.000.000;72.062.500;69.512.497;71.762.497;69.814.323;194994800
15/04/2020;70.599.998;71.582.497;70.157.501;71.107.498;69.177.116;131154400
16/04/2020;71.845.001;72.050.003;70.587.502;71.672.501;69.726.791;157125200
17/04/2020;71.172.501;71.737.503;69.214.996;70.699.997;68.780.655;215250000
20/04/2020;69.487.503;70.419.998;69.212.502;69.232.498;67.353.012;130015200
21/04/2020;69.070.000;69.312.500;66.357.498;67.092.499;65.271.111;180991600
22/04/2020;68.402.496;69.474.998;68.050.003;69.025.002;67.151.161;116862400
23/04/2020;68.967.499;70.437.500;68.717.499;68.757.500;66.890.915;124814400
24/04/2020;69.300.003;70.752.502;69.250.000;70.742.500;68.822.014;126161200
27/04/2020;70.449.997;71.135.002;69.987.503;70.792.503;68.870.667;117087600
28/04/2020;71.269.997;71.457.497;69.550.003;69.644.997;67.754.333;112004800
29/04/2020;71.182.503;72.417.503;70.972.504;71.932.503;69.979.713;137280800
30/04/2020;72.489.998;73.632.500;72.087.502;73.449.997;71.456.001;183064000
01/05/2020;71.562.500;74.750.000;71.462.502;72.267.502;70.305.626;240616800
04/05/2020;72.292.503;73.422.501;71.580.002;73.290.001;71.300.362;133568000
05/05/2020;73.764.999;75.250.000;73.614.998;74.389.999;72.370.491;147751200
06/05/2020;75.114.998;75.809.998;74.717.499;75.157.501;73.117.172;142333600
07/05/2020;75.805.000;76.292.503;75.492.500;75.934.998;73.873.558;115215200
08/05/2020;76.410.004;77.587.502;76.072.502;77.532.501;75.631.859;133838400
11/05/2020;77.025.002;79.262.497;76.809.998;78.752.502;76.821.968;145946400
12/05/2020;79.457.497;79.922.501;77.727.501;77.852.501;75.944.016;162301200
13/05/2020;78.037.498;78.987.503;75.802.498;76.912.498;75.027.061;200622400
14/05/2020;76.127.502;77.447.502;75.382.500;77.385.002;75.487.984;158929200
15/05/2020;75.087.502;76.974.998;75.052.498;76.927.498;75.041.710;166348400
18/05/2020;78.292.503;79.125.000;77.580.002;78.739.998;76.809.761;135178400
19/05/2020;78.757.500;79.629.997;78.252.502;78.285.004;76.365.929;101729600
20/05/2020;79.169.998;79.879.997;79.129.997;79.807.503;77.851.097;111504800
21/05/2020;79.665.001;80.222.504;78.967.499;79.212.502;77.270.668;102688800
22/05/2020;78.942.497;79.807.503;78.837.502;79.722.504;77.768.196;81803200
26/05/2020;80.875.000;81.059.998;79.125.000;79.182.503;77.241.425;125522000
27/05/2020;79.035.004;79.677.498;78.272.499;79.527.496;77.577.950;112945200
28/05/2020;79.192.497;80.860.001;78.907.501;79.562.500;77.612.106;133560800
29/05/2020;79.812.500;80.287.498;79.117.500;79.485.001;77.536.522;153532400
01/06/2020;79.437.500;80.587.502;79.302.498;80.462.502;78.490.044;80791200
02/06/2020;80.187.500;80.860.001;79.732.498;80.834.999;78.853.416;87642800
03/06/2020;81.165.001;81.550.003;80.574.997;81.279.999;79.287.506;104491200
04/06/2020;81.097.504;81.404.999;80.195.000;80.580.002;78.604.675;87560400
05/06/2020;80.837.502;82.937.500;80.807.503;82.875.000;80.843.414;137250400
08/06/2020;82.562.500;83.400.002;81.830.002;83.364.998;81.321.388;95654400
09/06/2020;83.035.004;86.402.496;83.002.502;85.997.498;83.889.351;147712400
10/06/2020;86.974.998;88.692.497;86.522.499;88.209.999;86.047.623;166651600
11/06/2020;87.327.499;87.764.999;83.870.003;83.974.998;81.916.435;201662400
12/06/2020;86.180.000;86.949.997;83.555.000;84.699.997;82.623.672;200146000
15/06/2020;83.312.500;86.419.998;83.144.997;85.747.498;83.645.477;138808800
16/06/2020;87.864.998;88.300.003;86.180.000;88.019.997;85.862.267;165428800
17/06/2020;88.787.498;88.849.998;87.772.499;87.897.499;85.742.790;114406400
18/06/2020;87.852.501;88.362.503;87.305.000;87.932.503;85.776.932;96820400
19/06/2020;88.660.004;89.139.999;86.287.498;87.430.000;85.286.743;264476000
22/06/2020;87.834.999;89.864.998;87.787.498;89.717.499;87.518.150;135445200
23/06/2020;91.000.000;93.095.001;90.567.497;91.632.500;89.386.230;212155600
24/06/2020;91.250.000;92.197.502;89.629.997;90.014.999;87.808.380;192623200
25/06/2020;90.175.003;91.250.000;89.392.502;91.209.999;88.974.083;137522400
26/06/2020;91.102.501;91.330.002;88.254.997;88.407.501;86.240.288;205256800
29/06/2020;88.312.500;90.542.503;87.820.000;90.445.000;88.227.844;130646000
30/06/2020;90.019.997;91.495.003;90.000.000;91.199.997;88.964.340;140223200
01/07/2020;91.279.999;91.839.996;90.977.501;91.027.496;88.796.051;110737200
02/07/2020;91.962.502;92.617.500;90.910.004;91.027.496;88.796.051;114041600
06/07/2020;92.500.000;93.945.000;92.467.499;93.462.502;91.171.364;118655600
07/07/2020;93.852.501;94.654.999;93.057.503;93.172.501;90.888.474;112424400
08/07/2020;94.180.000;95.375.000;94.089.996;95.342.499;93.005.280;117092000
09/07/2020;96.262.497;96.317.497;94.672.501;95.752.502;93.405.235;125642800
10/07/2020;95.334.999;95.980.003;94.705.002;95.919.998;93.568.619;90257200
13/07/2020;97.264.999;99.955.002;95.257.500;95.477.501;93.136.963;191649200
14/07/2020;94.839.996;97.254.997;93.877.502;97.057.503;94.678.246;170989200
15/07/2020;98.989.998;99.247.498;96.489.998;97.724.998;95.329.376;153198000
16/07/2020;96.562.500;97.404.999;95.904.999;96.522.499;94.156.349;110577600
17/07/2020;96.987.503;97.147.499;95.839.996;96.327.499;93.966.133;92186800
20/07/2020;96.417.503;98.500.000;96.062.500;98.357.498;95.946.365;90318000
21/07/2020;99.172.501;99.250.000;96.742.500;97.000.000;94.622.154;103433200
22/07/2020;96.692.497;97.974.998;96.602.501;97.272.499;94.887.962;89001600
23/07/2020;96.997.498;97.077.499;92.010.002;92.845.001;90.569.008;197004400
24/07/2020;90.987.503;92.970.001;89.144.997;92.614.998;90.344.635;185438800
27/07/2020;93.709.999;94.904.999;93.480.003;94.809.998;92.485.817;121214000
28/07/2020;94.367.500;94.550.003;93.247.498;93.252.502;90.966.515;103625600
29/07/2020;93.750.000;95.230.003;93.712.502;95.040.001;92.710.197;90329200
30/07/2020;94.187.500;96.297.501;93.767.502;96.190.002;93.832.001;158130000
31/07/2020;102.885.002;106.415.001;100.824.997;106.260.002;103.655.167;374336800
03/08/2020;108.199.997;111.637.497;107.892.502;108.937.500;106.267.014;308151200
04/08/2020;109.132.500;110.790.001;108.387.497;109.665.001;106.976.677;173071600
05/08/2020;109.377.502;110.392.502;108.897.499;110.062.500;107.364.433;121776800
06/08/2020;110.404.999;114.412.498;109.797.501;113.902.496;111.110.291;202428800
07/08/2020;113.205.002;113.675.003;110.292.503;111.112.503;108.584.137;198045600
10/08/2020;112.599.998;113.775.002;110.000.000;112.727.501;110.162.376;212403600
11/08/2020;111.970.001;112.482.498;109.107.498;109.375.000;106.886.131;187902400
12/08/2020;110.497.498;113.275.002;110.297.501;113.010.002;110.438.446;165598000
13/08/2020;114.430.000;116.042.503;113.927.498;115.010.002;112.392.937;210082000
14/08/2020;114.830.002;115.000.000;113.044.998;114.907.501;112.292.763;165565200
17/08/2020;116.062.500;116.087.502;113.962.502;114.607.498;111.999.580;119561600
18/08/2020;114.352.501;116.000.000;114.007.500;115.562.500;112.932.846;105633600
19/08/2020;115.982.498;117.162.498;115.610.001;115.707.497;113.074.547;145538000
20/08/2020;115.750.000;118.392.502;115.732.498;118.275.002;115.583.633;126907200
21/08/2020;119.262.497;124.867.500;119.250.000;124.370.003;121.539.955;338054800
24/08/2020;128.697.495;128.785.004;123.937.500;125.857.498;122.993.599;345937600
25/08/2020;124.697.502;125.180.000;123.052.498;124.824.997;121.984.573;211495600
26/08/2020;126.180.000;126.992.500;125.082.497;126.522.499;123.643.456;163022400
27/08/2020;127.142.502;127.485.001;123.832.497;125.010.002;122.165.382;155552400
28/08/2020;126.012.497;126.442.497;124.577.499;124.807.503;121.967.484;187630000
31/08/2020;127.580.002;131.000.000;126.000.000;129.039.993;126.103.676;225702700
01/09/2020;132.759.995;134.800.003;130.529.999;134.179.993;131.126.709;151948100
02/09/2020;137.589.996;137.979.996;127.000.000;131.399.994;128.409.988;200119000
03/09/2020;126.910.004;128.839.996;120.500.000;120.879.997;118.129.341;257599600
04/09/2020;120.070.000;123.699.997;110.889.999;120.959.999;118.207.535;332607200
08/09/2020;113.949.997;118.989.998;112.680.000;112.820.000;110.252.769;231366600
09/09/2020;117.260.002;119.139.999;115.260.002;117.320.000;114.650.375;176940500
10/09/2020;120.360.001;120.500.000;112.500.000;113.489.998;110.907.509;182274400
11/09/2020;114.570.000;115.230.003;110.000.000;112.000.000;109.451.416;180860300
14/09/2020;114.720.001;115.930.000;112.800.003;115.360.001;112.734.962;140150100
15/09/2020;118.330.002;118.830.002;113.610.001;115.540.001;112.910.881;184642000
16/09/2020;115.230.003;116.000.000;112.040.001;112.129.997;109.578.461;154679000
17/09/2020;109.720.001;112.199.997;108.709.999;110.339.996;107.829.185;178011000
18/09/2020;110.400.002;110.879.997;106.089.996;106.839.996;104.408.829;287104900
21/09/2020;104.540.001;110.190.002;103.099.998;110.080.002;107.575.142;195713800
22/09/2020;112.680.000;112.860.001;109.160.004;111.809.998;109.265.755;183055400
23/09/2020;111.620.003;112.110.001;106.769.997;107.120.003;104.682.472;150718700
24/09/2020;105.169.998;110.250.000;105.000.000;108.220.001;105.757.439;167743300
25/09/2020;108.430.000;112.440.002;107.669.998;112.279.999;109.725.052;149981400
28/09/2020;115.010.002;115.320.000;112.779.999;114.959.999;112.344.063;137672400
29/09/2020;114.550.003;115.309.998;113.570.000;114.089.996;111.493.858;99382200
30/09/2020;113.790.001;117.260.002;113.620.003;115.809.998;113.174.728;142675200
01/10/2020;117.639.999;117.720.001;115.830.002;116.790.001;114.132.423;116120400
02/10/2020;112.889.999;115.370.003;112.220.001;113.019.997;110.448.204;144712000
05/10/2020;113.910.004;116.650.002;113.550.003;116.500.000;113.849.022;106243800
06/10/2020;115.699.997;116.120.003;112.250.000;113.160.004;110.585.014;161498200
07/10/2020;114.620.003;115.550.003;114.129.997;115.080.002;112.461.334;96849000
08/10/2020;116.250.000;116.400.002;114.589.996;114.970.001;112.353.828;83477200
09/10/2020;115.279.999;117.000.000;114.919.998;116.970.001;114.308.334;100506900
12/10/2020;120.059.998;125.180.000;119.279.999;124.400.002;121.569.252;240226800
13/10/2020;125.269.997;125.389.999;119.650.002;121.099.998;118.344.345;262330500
14/10/2020;121.000.000;123.029.999;119.620.003;121.190.002;118.432.320;150712000
15/10/2020;118.720.001;121.199.997;118.150.002;120.709.999;117.963.219;112559200
16/10/2020;121.279.999;121.550.003;118.809.998;119.019.997;116.311.684;115393800
19/10/2020;119.959.999;120.419.998;115.660.004;115.980.003;113.340.874;120639300
20/10/2020;116.199.997;118.980.003;115.629.997;117.510.002;114.836.044;124423700
21/10/2020;116.669.998;118.709.999;116.449.997;116.870.003;114.210.617;89946000
22/10/2020;117.449.997;118.040.001;114.589.996;115.750.000;113.116.089;101988000
23/10/2020;116.389.999;116.550.003;114.279.999;115.040.001;112.422.241;82572600
26/10/2020;114.010.002;116.550.003;112.879.997;115.050.003;112.432.030;111850700
27/10/2020;115.489.998;117.279.999;114.540.001;116.599.998;113.946.747;92276800
28/10/2020;115.050.003;115.430.000;111.099.998;111.199.997;108.669.617;143937800
29/10/2020;112.370.003;116.930.000;112.199.997;115.320.000;112.695.877;146129200
30/10/2020;111.059.998;111.989.998;107.720.001;108.860.001;106.382.874;190272600
02/11/2020;109.110.001;110.680.000;107.320.000;108.769.997;106.294.922;122866900
03/11/2020;109.660.004;111.489.998;108.730.003;110.440.002;107.926.918;107624400
04/11/2020;114.139.999;115.589.996;112.349.998;114.949.997;112.334.297;138235500
05/11/2020;117.949.997;119.620.003;116.870.003;119.029.999;116.321.449;126387100
06/11/2020;118.320.000;119.199.997;116.129.997;118.690.002;116.189.308;114457900
09/11/2020;120.500.000;121.989.998;116.050.003;116.320.000;113.869.232;154515300
10/11/2020;115.550.003;117.589.996;114.129.997;115.970.001;113.526.611;138023400
11/11/2020;117.190.002;119.629.997;116.440.002;119.489.998;116.972.435;112295000
12/11/2020;119.620.003;120.529.999;118.570.000;119.209.999;116.698.341;103162300
13/11/2020;119.440.002;119.669.998;117.870.003;119.260.002;116.747.284;81581900
16/11/2020;118.919.998;120.989.998;118.150.002;120.300.003;117.765.373;91183000
17/11/2020;119.550.003;120.669.998;118.959.999;119.389.999;116.874.557;74271000
18/11/2020;118.610.001;119.820.000;118.000.000;118.029.999;115.543.213;76322100
19/11/2020;117.589.996;119.059.998;116.809.998;118.639.999;116.140.358;74113000
20/11/2020;118.639.999;118.769.997;117.290.001;117.339.996;114.867.744;73604300
23/11/2020;117.180.000;117.620.003;113.750.000;113.849.998;111.451.271;127959300
24/11/2020;113.910.004;115.849.998;112.589.996;115.169.998;112.743.454;113874200
25/11/2020;115.550.003;116.750.000;115.169.998;116.029.999;113.585.342;76499200
27/11/2020;116.570.000;117.489.998;116.220.001;116.589.996;114.133.530;46691300
30/11/2020;116.970.001;120.970.001;116.809.998;119.050.003;116.541.725;169410200
01/12/2020;121.010.002;123.470.001;120.010.002;122.720.001;120.134.407;127728200
02/12/2020;122.019.997;123.370.003;120.889.999;123.080.002;120.486.809;89004200
03/12/2020;123.519.997;123.779.999;122.209.999;122.940.002;120.349.770;78967600
04/12/2020;122.599.998;122.860.001;121.519.997;122.250.000;119.674.278;78260400
07/12/2020;122.309.998;124.570.000;122.250.000;123.750.000;121.142.685;86712000
08/12/2020;124.370.003;124.980.003;123.089.996;124.379.997;121.759.422;82225500
09/12/2020;124.529.999;125.949.997;121.000.000;121.779.999;119.214.180;115089200
10/12/2020;120.500.000;123.870.003;120.150.002;123.239.998;120.643.433;81312200
11/12/2020;122.430.000;122.760.002;120.550.003;122.410.004;119.830.933;86939800
14/12/2020;122.599.998;123.349.998;121.540.001;121.779.999;119.214.180;79184500
15/12/2020;124.339.996;127.900.002;124.129.997;127.879.997;125.185.654;157243700
16/12/2020;127.410.004;128.369.995;126.559.998;127.809.998;125.117.165;98208600
17/12/2020;128.899.994;129.580.002;128.039.993;128.699.997;125.988.380;94359800
18/12/2020;128.960.007;129.100.006;126.120.003;126.660.004;123.991.394;192541500
21/12/2020;125.019.997;128.309.998;123.449.997;128.229.996;125.528.297;121251600
22/12/2020;131.610.001;134.410.004;129.649.994;131.880.005;129.101.410;168904800
23/12/2020;132.160.004;132.429.993;130.779.999;130.960.007;128.200.821;88223700
24/12/2020;131.320.007;133.460.007;131.100.006;131.970.001;129.189.484;54930100
28/12/2020;133.990.005;137.339.996;133.509.995;136.690.002;133.810.059;124486200
29/12/2020;138.050.003;138.789.993;134.339.996;134.869.995;132.028.412;121047300
30/12/2020;135.580.002;135.990.005;133.399.994;133.720.001;130.902.649;96452100
31/12/2020;134.080.002;134.740.005;131.720.001;132.690.002;129.894.318;99116600
04/01/2021;133.520.004;133.610.001;126.760.002;129.410.004;126.683.434;143301900
05/01/2021;128.889.999;131.740.005;128.429.993;131.009.995;128.249.710;97664900
06/01/2021;127.720.001;131.050.003;126.379.997;126.599.998;123.932.648;155088000
07/01/2021;128.360.001;131.630.005;127.860.001;130.919.998;128.161.591;109578200
08/01/2021;132.429.993;132.630.005;130.229.996;132.050.003;129.267.792;105158200
11/01/2021;129.190.002;130.169.998;128.500.000;128.979.996;126.262.505;100384500
12/01/2021;128.500.000;129.690.002;126.860.001;128.800.003;126.086.288;91951100
13/01/2021;128.759.995;131.449.997;128.490.005;130.889.999;128.132.248;88636800
14/01/2021;130.800.003;131.000.000;128.759.995;128.910.004;126.193.993;90221800
15/01/2021;128.779.999;130.220.001;127.000.000;127.139.999;124.461.258;111598500
19/01/2021;127.779.999;128.710.007;126.940.002;127.830.002;125.136.726;90757300
20/01/2021;128.660.004;132.490.005;128.550.003;132.029.999;129.248.245;104319500
21/01/2021;133.800.003;139.669.998;133.589.996;136.869.995;133.986.267;120150900
22/01/2021;136.279.999;139.850.006;135.020.004;139.070.007;136.139.908;114459400
25/01/2021;143.070.007;145.089.996;136.539.993;142.919.998;139.908.813;157611700
26/01/2021;143.600.006;144.300.003;141.369.995;143.160.004;140.143.723;98390600
27/01/2021;143.429.993;144.300.003;140.410.004;142.059.998;139.066.910;140843800
28/01/2021;139.520.004;141.990.005;136.699.997;137.089.996;134.201.614;142621100
29/01/2021;135.830.002;136.740.005;130.210.007;131.960.007;129.179.688;177523800
01/02/2021;133.750.000;135.380.005;130.929.993;134.139.999;131.313.766;106239800
02/02/2021;135.729.996;136.309.998;134.610.001;134.990.005;132.145.859;83305400
03/02/2021;135.759.995;135.770.004;133.610.001;133.940.002;131.117.996;89880900
04/02/2021;136.300.003;137.399.994;134.589.996;137.389.999;134.495.285;84183100
05/02/2021;137.350.006;137.419.998;135.860.001;136.759.995;134.078.644;75693800
08/02/2021;136.029.999;136.960.007;134.919.998;136.910.004;134.225.693;71297200
09/02/2021;136.619.995;137.880.005;135.850.006;136.009.995;133.343.353;76774200
10/02/2021;136.479.996;136.990.005;134.399.994;135.389.999;132.735.489;73046600
11/02/2021;135.899.994;136.389.999;133.770.004;135.130.005;132.480.576;64280000
12/02/2021;134.350.006;135.529.999;133.690.002;135.369.995;132.715.897;60145100
16/02/2021;135.490.005;136.009.995;132.789.993;133.190.002;130.578.629;80576300
17/02/2021;131.250.000;132.220.001;129.470.001;130.839.996;128.274.689;97918500
18/02/2021;129.199.997;130.000.000;127.410.004;129.710.007;127.166.893;96856700
19/02/2021;130.240.005;130.710.007;128.800.003;129.869.995;127.323.708;87668800
22/02/2021;128.009.995;129.720.001;125.599.998;126.000.000;123.529.610;103916400
23/02/2021;123.760.002;126.709.999;118.389.999;125.860.001;123.392.365;158273000
24/02/2021;124.940.002;125.559.998;122.230.003;125.349.998;122.892.357;111039900
25/02/2021;124.680.000;126.459.999;120.540.001;120.989.998;118.617.813;148199500
26/02/2021;122.589.996;124.849.998;121.199.997;121.260.002;118.882.545;164560400
01/03/2021;123.750.000;127.930.000;122.790.001;127.790.001;125.284.523;116307900
02/03/2021;128.410.004;128.720.001;125.010.002;125.120.003;122.666.855;102260900
03/03/2021;124.809.998;125.709.999;121.839.996;122.059.998;119.666.847;112966300
04/03/2021;121.750.000;123.599.998;118.620.003;120.129.997;117.774.689;178155000
05/03/2021;120.980.003;121.940.002;117.570.000;121.419.998;119.039.398;153766600
08/03/2021;120.930.000;121.000.000;116.209.999;116.360.001;114.078.606;154376600
09/03/2021;119.029.999;122.059.998;118.790.001;121.089.996;118.715.866;129525800
10/03/2021;121.690.002;122.169.998;119.449.997;119.980.003;117.627.632;111943300
11/03/2021;122.540.001;123.209.999;121.260.002;121.959.999;119.568.802;103026500
12/03/2021;120.400.002;121.169.998;119.160.004;121.029.999;118.657.043;88105100
15/03/2021;121.410.004;124.000.000;120.419.998;123.989.998;121.559.006;92403800
16/03/2021;125.699.997;127.220.001;124.720.001;125.570.000;123.108.025;115227900
17/03/2021;124.050.003;125.860.001;122.339.996;124.760.002;122.313.919;111932600
18/03/2021;122.879.997;123.180.000;120.320.000;120.529.999;118.166.832;121229700
19/03/2021;119.900.002;121.430.000;119.680.000;119.989.998;117.637.428;185549500
22/03/2021;120.330.002;123.870.003;120.260.002;123.389.999;120.970.764;111912300
23/03/2021;123.330.002;124.239.998;122.139.999;122.540.001;120.137.444;95467100
24/03/2021;122.820.000;122.900.002;120.070.000;120.089.996;117.735.458;88530500
25/03/2021;119.540.001;121.660.004;119.000.000;120.589.996;118.225.670;98844700
26/03/2021;120.349.998;121.480.003;118.919.998;121.209.999;118.833.519;94071200
29/03/2021;121.650.002;122.580.002;120.730.003;121.389.999;119.009.979;80819200
30/03/2021;120.110.001;120.400.002;118.860.001;119.900.002;117.549.202;85671900
31/03/2021;121.650.002;123.519.997;121.150.002;122.150.002;119.755.081;118323800
01/04/2021;123.660.004;124.180.000;122.489.998;123.000.000;120.588.417;75089100
05/04/2021;123.870.003;126.160.004;123.070.000;125.900.002;123.431.564;88651200
06/04/2021;126.500.000;127.129.997;125.650.002;126.209.999;123.735.481;80171300
07/04/2021;125.830.002;127.919.998;125.139.999;127.900.002;125.392.357;83466700
08/04/2021;128.949.997;130.389.999;128.520.004;130.360.001;127.804.092;88844600
09/04/2021;129.800.003;133.039.993;129.470.001;133.000.000;130.392.365;106686700
12/04/2021;132.520.004;132.850.006;130.630.005;131.240.005;128.666.870;91420000
13/04/2021;132.440.002;134.660.004;131.929.993;134.429.993;131.794.312;91266500
14/04/2021;134.940.002;135.000.000;131.660.004;132.029.999;129.441.391;87222800
15/04/2021;133.820.007;135.000.000;133.639.999;134.500.000;131.862.961;89347100
16/04/2021;134.300.003;134.669.998;133.279.999;134.160.004;131.529.633;84922400
19/04/2021;133.509.995;135.470.001;133.339.996;134.839.996;132.196.289;94264200
20/04/2021;135.020.004;135.529.999;131.809.998;133.110.001;130.500.214;94812300
21/04/2021;132.360.001;133.750.000;131.300.003;133.500.000;130.882.553;68847100
22/04/2021;133.039.993;134.149.994;131.410.004;131.940.002;129.353.149;84566500
23/04/2021;132.160.004;135.119.995;132.160.004;134.320.007;131.686.478;78657500
26/04/2021;134.830.002;135.059.998;133.559.998;134.720.001;132.078.629;66905100
27/04/2021;135.009.995;135.410.004;134.110.001;134.389.999;131.755.096;66015800
28/04/2021;134.309.998;135.020.004;133.080.002;133.580.002;130.960.983;107760100
29/04/2021;136.470.001;137.070.007;132.449.997;133.479.996;130.862.915;151101000
30/04/2021;131.779.999;133.559.998;131.070.007;131.460.007;128.882.553;109839500
03/05/2021;132.039.993;134.070.007;131.830.002;132.539.993;129.941.360;75135100
04/05/2021;131.190.002;131.490.005;126.699.997;127.849.998;125.343.323;137564700
05/05/2021;129.199.997;130.449.997;127.970.001;128.100.006;125.588.432;84000900
06/05/2021;127.889.999;129.750.000;127.129.997;129.740.005;127.196.266;78128300
07/05/2021;130.850.006;131.259.995;129.479.996;130.210.007;127.873.894;78973300
10/05/2021;129.410.004;129.539.993;126.809.998;126.849.998;124.574.165;88071200
11/05/2021;123.500.000;126.269.997;122.769.997;125.910.004;123.651.031;126142800
12/05/2021;123.400.002;124.639.999;122.250.000;122.769.997;120.567.375;112172300
13/05/2021;124.580.002;126.150.002;124.260.002;124.970.001;122.727.905;105861300
14/05/2021;126.250.000;127.889.999;125.849.998;127.449.997;125.163.399;81918000
17/05/2021;126.820.000;126.930.000;125.169.998;126.269.997;124.004.578;74244600
18/05/2021;126.559.998;126.989.998;124.779.999;124.849.998;122.610.062;63342900
19/05/2021;123.160.004;124.919.998;122.860.001;124.690.002;122.452.927;92612000
20/05/2021;125.230.003;127.720.001;125.099.998;127.309.998;125.025.902;76857100
21/05/2021;127.820.000;128.000.000;125.209.999;125.430.000;123.179.642;79295400
24/05/2021;126.010.002;127.940.002;125.940.002;127.099.998;124.819.695;63092900
25/05/2021;127.820.000;128.320.007;126.320.000;126.900.002;124.623.283;72009500
26/05/2021;126.959.999;127.389.999;126.419.998;126.849.998;124.574.165;56575900
27/05/2021;126.440.002;127.639.999;125.080.002;125.279.999;123.032.333;94625600
28/05/2021;125.570.000;125.800.003;124.550.003;124.610.001;122.374.374;71311100
01/06/2021;125.080.002;125.349.998;123.940.002;124.279.999;122.050.278;67637100
02/06/2021;124.279.999;125.239.998;124.050.003;125.059.998;122.816.284;59278900
03/06/2021;124.680.000;124.849.998;123.129.997;123.540.001;121.323.555;76229200
04/06/2021;124.070.000;126.160.004;123.849.998;125.889.999;123.631.401;75169300
07/06/2021;126.169.998;126.320.000;124.830.002;125.900.002;123.641.220;71057600
08/06/2021;126.599.998;128.460.007;126.209.999;126.739.998;124.466.133;74403800
09/06/2021;127.209.999;127.750.000;126.519.997;127.129.997;124.849.136;56877900
10/06/2021;127.019.997;128.190.002;125.940.002;126.110.001;123.847.450;71186400
11/06/2021;126.529.999;127.440.002;126.099.998;127.349.998;125.065.201;53522400
14/06/2021;127.820.000;130.539.993;127.070.000;130.479.996;128.139.038;96906500
15/06/2021;129.940.002;130.600.006;129.389.999;129.639.999;127.314.102;62746300
16/06/2021;130.369.995;130.889.999;128.460.007;130.149.994;127.814.964;91815000
17/06/2021;129.800.003;132.550.003;129.649.994;131.789.993;129.425.522;96721700
18/06/2021;130.710.007;131.509.995;130.240.005;130.460.007;128.119.415;108953300
21/06/2021;130.300.003;132.410.004;129.210.007;132.300.003;129.926.376;79663300
22/06/2021;132.130.005;134.080.002;131.619.995;133.979.996;131.576.233;74783600
23/06/2021;133.770.004;134.320.007;133.229.996;133.699.997;131.301.239;60214200
24/06/2021;134.449.997;134.639.999;132.929.993;133.410.004;131.016.510;68711000
25/06/2021;133.460.007;133.889.999;132.809.998;133.110.001;130.721.878;70783700
28/06/2021;133.410.004;135.250.000;133.350.006;134.779.999;132.361.877;62111300
29/06/2021;134.800.003;136.490.005;134.350.006;136.330.002;133.884.109;64556100
30/06/2021;136.169.998;137.410.004;135.869.995;136.960.007;134.502.792;63261400
01/07/2021;136.600.006;137.330.002;135.759.995;137.270.004;134.807.251;52485800
02/07/2021;137.899.994;140.000.000;137.750.000;139.960.007;137.448.990;78852600
06/07/2021;140.070.007;143.149.994;140.070.007;142.020.004;139.472.031;108181800
07/07/2021;143.539.993;144.889.999;142.660.004;144.570.007;141.976.257;104911600
08/07/2021;141.580.002;144.059.998;140.669.998;143.240.005;140.670.120;105575500
09/07/2021;142.750.000;145.649.994;142.649.994;145.110.001;142.506.592;99890800
12/07/2021;146.210.007;146.320.007;144.000.000;144.500.000;141.907.501;76299700
13/07/2021;144.029.999;147.460.007;143.630.005;145.639.999;143.027.054;100827100
14/07/2021;148.100.006;149.570.007;147.679.993;149.149.994;146.474.030;127050800
15/07/2021;149.240.005;150.000.000;147.089.996;148.479.996;145.816.101;106820300
16/07/2021;148.460.007;149.759.995;145.880.005;146.389.999;143.763.611;93251400
19/07/2021;143.750.000;144.070.007;141.669.998;142.449.997;139.894.287;121434600
20/07/2021;143.460.007;147.100.006;142.960.007;146.149.994;143.527.893;96350000
21/07/2021;145.529.999;146.130.005;144.630.005;145.399.994;142.791.367;74993500
22/07/2021;145.940.002;148.199.997;145.809.998;146.800.003;144.166.260;77338200
23/07/2021;147.550.003;148.720.001;146.919.998;148.559.998;145.894.653;71447400
26/07/2021;148.270.004;149.830.002;147.699.997;148.990.005;146.316.956;72434100
27/07/2021;149.119.995;149.210.007;145.550.003;146.770.004;144.136.810;104818600
28/07/2021;144.809.998;146.970.001;142.539.993;144.979.996;142.378.891;118931200
29/07/2021;144.690.002;146.550.003;144.580.002;145.639.999;143.027.054;56699500
30/07/2021;144.380.005;146.330.002;144.110.001;145.860.001;143.243.134;70440600
02/08/2021;146.360.001;146.949.997;145.250.000;145.520.004;142.909.225;62880000
03/08/2021;145.809.998;148.039.993;145.179.993;147.360.001;144.716.202;64786600
04/08/2021;147.270.004;147.789.993;146.279.999;146.949.997;144.313.568;56368300
05/08/2021;146.979.996;147.839.996;146.169.998;147.059.998;144.421.585;46397700
06/08/2021;146.350.006;147.110.001;145.630.005;146.139.999;143.733.124;54126800
09/08/2021;146.199.997;146.699.997;145.520.004;146.089.996;143.683.945;48908700
10/08/2021;146.440.002;147.710.007;145.300.003;145.600.006;143.202.042;69023100
11/08/2021;146.050.003;146.720.001;145.529.999;145.860.001;143.457.764;48493500
12/08/2021;146.190.002;149.050.003;145.839.996;148.889.999;146.437.820;72282600
13/08/2021;148.970.001;149.440.002;148.270.004;149.100.006;146.644.379;59375000
16/08/2021;148.539.993;151.190.002;146.470.001;151.119.995;148.631.119;103296000
17/08/2021;150.229.996;151.679.993;149.089.996;150.190.002;147.716.415;92229700
18/08/2021;149.800.003;150.720.001;146.149.994;146.360.001;143.949.493;86326000
19/08/2021;145.029.999;148.000.000;144.500.000;146.699.997;144.283.875;86960300
20/08/2021;147.440.002;148.500.000;146.779.999;148.190.002;145.749.359;60549600
23/08/2021;148.309.998;150.190.002;147.889.999;149.710.007;147.244.354;60131800
24/08/2021;149.449.997;150.860.001;149.149.994;149.619.995;147.155.807;48606400
25/08/2021;149.809.998;150.320.007;147.800.003;148.360.001;145.916.580;58991300
26/08/2021;148.350.006;149.119.995;147.509.995;147.539.993;145.110.062;48597200
27/08/2021;147.479.996;148.750.000;146.830.002;148.600.006;146.152.603;55802400
30/08/2021;149.000.000;153.490.005;148.610.001;153.119.995;150.598.160;90956700
31/08/2021;152.660.004;152.800.003;151.289.993;151.830.002;149.329.391;86453100
01/09/2021;152.830.002;154.979.996;152.339.996;152.509.995;149.998.199;80313700
02/09/2021;153.869.995;154.720.001;152.399.994;153.649.994;151.119.415;71115500
03/09/2021;153.759.995;154.630.005;153.089.996;154.300.003;151.758.743;57808700
07/09/2021;154.970.001;157.259.995;154.389.999;156.690.002;154.109.360;82278300
08/09/2021;156.979.996;157.039.993;153.979.996;155.110.001;152.555.374;74420200
09/09/2021;155.490.005;156.110.001;153.949.997;154.070.007;151.532.501;57305700
10/09/2021;155.000.000;155.479.996;148.699.997;148.970.001;146.516.495;140893200
13/09/2021;150.630.005;151.419.998;148.750.000;149.550.003;147.086.945;102404300
14/09/2021;150.350.006;151.070.007;146.910.004;148.119.995;145.680.496;109296300
15/09/2021;148.559.998;149.440.002;146.369.995;149.029.999;146.575.531;83281300
16/09/2021;148.440.002;148.970.001;147.220.001;148.789.993;146.339.462;68034100
17/09/2021;148.820.007;148.820.007;145.759.995;146.059.998;143.654.434;129868800
20/09/2021;143.800.003;144.839.996;141.270.004;142.940.002;140.585.815;123478900
21/09/2021;143.929.993;144.600.006;142.779.999;143.429.993;141.067.764;75834000
22/09/2021;144.449.997;146.429.993;143.699.997;145.850.006;143.447.922;76404300
23/09/2021;146.649.994;147.080.002;145.639.999;146.830.002;144.411.774;64838200
24/09/2021;145.660.004;147.470.001;145.559.998;146.919.998;144.500.259;53477900
27/09/2021;145.470.001;145.960.007;143.820.007;145.369.995;142.975.815;74150700
28/09/2021;143.250.000;144.750.000;141.690.002;141.910.004;139.572.815;108972300
29/09/2021;142.470.001;144.449.997;142.029.999;142.830.002;140.477.646;74602000
30/09/2021;143.660.004;144.380.005;141.279.999;141.500.000;139.169.556;89056700
01/10/2021;141.899.994;142.919.998;139.110.001;142.649.994;140.300.568;94639600
04/10/2021;141.759.995;142.210.007;138.270.004;139.139.999;136.848.404;98322000
05/10/2021;139.490.005;142.240.005;139.360.001;141.110.001;138.785.980;80861100
06/10/2021;139.470.001;142.149.994;138.369.995;142.000.000;139.661.316;83221100
07/10/2021;143.059.998;144.220.001;142.720.001;143.289.993;140.930.054;61732700
08/10/2021;144.029.999;144.179.993;142.559.998;142.899.994;140.546.478;58773200
11/10/2021;142.270.004;144.809.998;141.809.998;142.809.998;140.457.962;64452200
12/10/2021;143.229.996;143.250.000;141.039.993;141.509.995;139.179.398;73035900
13/10/2021;141.240.005;141.399.994;139.199.997;140.910.004;138.589.264;78762700
14/10/2021;142.110.001;143.880.005;141.509.995;143.759.995;141.392.319;69907100
15/10/2021;143.770.004;144.899.994;143.509.995;144.839.996;142.454.529;67940300
18/10/2021;143.449.997;146.839.996;143.160.004;146.550.003;144.136.368;85589200
19/10/2021;147.009.995;149.169.998;146.550.003;148.759.995;146.309.982;76378900
20/10/2021;148.699.997;149.750.000;148.119.995;149.259.995;146.801.712;58418800
21/10/2021;148.809.998;149.639.999;147.869.995;149.479.996;147.018.097;61421000
22/10/2021;149.690.002;150.179.993;148.639.999;148.690.002;146.241.119;58883400
25/10/2021;148.679.993;149.369.995;147.619.995;148.639.999;146.191.940;50720600
26/10/2021;149.330.002;150.839.996;149.009.995;149.320.007;146.860.733;60893400
27/10/2021;149.360.001;149.729.996;148.490.005;148.850.006;146.398.483;56094900
28/10/2021;149.820.007;153.169.998;149.720.001;152.570.007;150.057.175;100077900
29/10/2021;147.220.001;149.940.002;146.410.004;149.800.003;147.332.870;124953200
01/11/2021;148.990.005;149.699.997;147.800.003;148.960.007;146.506.683;74588300
02/11/2021;148.660.004;151.570.007;148.649.994;150.020.004;147.549.225;69122000
03/11/2021;150.389.999;151.970.001;149.820.007;151.490.005;148.995.010;54511500
04/11/2021;151.580.002;152.429.993;150.639.999;150.960.007;148.473.755;60394600
05/11/2021;151.889.999;152.199.997;150.059.998;151.279.999;149.005.630;65463900
08/11/2021;151.410.004;151.570.007;150.160.004;150.440.002;148.178.253;55020900
09/11/2021;150.199.997;151.429.993;150.059.998;150.809.998;148.542.679;56787900
10/11/2021;150.020.004;150.130.005;147.850.006;147.919.998;145.696.152;65187100
11/11/2021;148.960.007;149.429.993;147.679.993;147.869.995;145.646.881;41000000
12/11/2021;148.429.993;150.399.994;147.479.996;149.990.005;147.735.016;63804000
15/11/2021;150.369.995;151.880.005;149.429.993;150.000.000;147.744.843;59222800
16/11/2021;149.940.002;151.490.005;149.339.996;151.000.000;148.729.843;59256200
17/11/2021;151.000.000;155.000.000;150.990.005;153.490.005;151.182.388;88807000
18/11/2021;153.710.007;158.669.998;153.050.003;157.869.995;155.496.521;137827700
19/11/2021;157.649.994;161.020.004;156.529.999;160.550.003;158.136.246;117305600
22/11/2021;161.679.993;165.699.997;161.000.000;161.020.004;158.599.197;117467900
23/11/2021;161.119.995;161.800.003;159.059.998;161.410.004;158.983.322;96041900
24/11/2021;160.750.000;162.139.999;159.639.999;161.940.002;159.505.371;69463600
26/11/2021;159.570.007;160.449.997;156.360.001;156.809.998;154.452.469;76959800
29/11/2021;159.369.995;161.190.002;158.789.993;160.240.005;157.830.917;88748200
30/11/2021;159.990.005;165.520.004;159.919.998;165.300.003;162.814.835;174048100
01/12/2021;167.479.996;170.300.003;164.529.999;164.770.004;162.292.801;152052500
02/12/2021;158.740.005;164.199.997;157.800.003;163.759.995;161.297.974;136739200
03/12/2021;164.020.004;164.960.007;159.720.001;161.839.996;159.406.845;118023100
06/12/2021;164.289.993;167.880.005;164.279.999;165.320.007;162.834.564;107497000
07/12/2021;169.080.002;171.580.002;168.339.996;171.179.993;168.606.400;120405400
08/12/2021;172.130.005;175.960.007;170.699.997;175.080.002;172.447.784;116998900
09/12/2021;174.910.004;176.750.000;173.919.998;174.559.998;171.935.593;108923700
10/12/2021;175.210.007;179.630.005;174.690.002;179.449.997;176.752.090;115402700
13/12/2021;181.119.995;182.130.005;175.529.999;175.740.005;173.097.885;153237000
14/12/2021;175.250.000;177.740.005;172.210.007;174.330.002;171.709.076;139380400
15/12/2021;175.110.001;179.500.000;172.309.998;179.300.003;176.604.370;131063300
16/12/2021;179.279.999;181.139.999;170.750.000;172.259.995;169.670.166;150185800
17/12/2021;169.929.993;173.470.001;169.690.002;171.139.999;168.567.017;195432700
20/12/2021;168.279.999;170.580.002;167.460.007;169.750.000;167.197.968;107499100
21/12/2021;171.559.998;173.199.997;169.119.995;172.990.005;170.389.221;91185900
22/12/2021;173.039.993;175.860.001;172.149.994;175.639.999;172.999.390;92135300
23/12/2021;175.850.006;176.850.006;175.270.004;176.279.999;173.629.761;68356600
27/12/2021;177.089.996;180.419.998;177.070.007;180.330.002;177.618.896;74919600
28/12/2021;180.160.004;181.330.002;178.529.999;179.289.993;176.594.467;79144300
29/12/2021;179.330.002;180.630.005;178.139.999;179.380.005;176.683.167;62348900
30/12/2021;179.470.001;180.570.007;178.089.996;178.199.997;175.520.920;59773000
31/12/2021;178.089.996;179.229.996;177.259.995;177.570.007;174.900.360;64062300
03/01/2022;177.830.002;182.880.005;177.710.007;182.009.995;179.273.605;104487900
04/01/2022;182.630.005;182.940.002;179.119.995;179.699.997;176.998.337;99310400
05/01/2022;179.610.001;180.169.998;174.639.999;174.919.998;172.290.207;94537600
06/01/2022;172.699.997;175.300.003;171.639.999;172.000.000;169.414.108;96904000
07/01/2022;172.889.999;174.139.999;171.029.999;172.169.998;169.581.528;86709100
10/01/2022;169.080.002;172.500.000;168.169.998;172.190.002;169.601.273;106765600
11/01/2022;172.320.007;175.179.993;170.820.007;175.080.002;172.447.784;76138300
12/01/2022;176.119.995;177.179.993;174.820.007;175.529.999;172.891.037;74805200
13/01/2022;175.779.999;176.619.995;171.789.993;172.190.002;169.601.273;84505800
14/01/2022;171.339.996;173.779.999;171.089.996;173.070.007;170.468.018;80440800
18/01/2022;171.509.995;172.539.993;169.410.004;169.800.003;167.247.177;90956700
19/01/2022;170.000.000;171.080.002;165.940.002;166.229.996;163.730.835;94815000
20/01/2022;166.979.996;169.679.993;164.179.993;164.509.995;162.036.682;91420500
21/01/2022;164.419.998;166.330.002;162.300.003;162.410.004;159.968.262;122848900
24/01/2022;160.020.004;162.300.003;154.699.997;161.619.995;159.190.186;162294600
25/01/2022;158.979.996;162.759.995;157.020.004;159.779.999;157.377.823;115798400
26/01/2022;163.500.000;164.389.999;157.820.007;159.690.002;157.289.215;108275300
27/01/2022;162.449.997;163.839.996;158.279.999;159.220.001;156.826.263;121954600
28/01/2022;165.710.007;170.350.006;162.800.003;170.330.002;167.769.196;179935700
31/01/2022;170.160.004;175.000.000;169.509.995;174.779.999;172.152.298;115541600
01/02/2022;174.009.995;174.839.996;172.309.998;174.610.001;171.984.879;86213900
02/02/2022;174.750.000;175.880.005;173.330.002;175.839.996;173.196.365;84914300
03/02/2022;174.479.996;176.240.005;172.119.995;172.899.994;170.300.552;89418100
04/02/2022;171.679.993;174.100.006;170.679.993;172.389.999;170.014.557;82465400
07/02/2022;172.860.001;173.949.997;170.949.997;171.660.004;169.294.647;77251200
08/02/2022;171.729.996;175.350.006;171.429.993;174.830.002;172.420.929;74829200
09/02/2022;176.050.003;176.649.994;174.899.994;176.279.999;173.850.967;71285000
10/02/2022;174.139.999;175.479.996;171.550.003;172.119.995;169.748.291;90865900
11/02/2022;172.330.002;173.080.002;168.039.993;168.639.999;166.316.254;98670700
14/02/2022;167.369.995;169.580.002;166.559.998;168.880.005;166.552.933;86185500
15/02/2022;170.970.001;172.949.997;170.250.000;172.789.993;170.409.058;62527400
16/02/2022;171.850.006;173.339.996;170.050.003;172.550.003;170.172.379;61177400
17/02/2022;171.029.999;171.910.004;168.470.001;168.880.005;166.552.933;69589300
18/02/2022;169.820.007;170.539.993;166.190.002;167.300.003;164.994.720;82772700
22/02/2022;164.979.996;166.690.002;162.149.994;164.320.007;162.055.786;91162800
23/02/2022;165.539.993;166.149.994;159.750.000;160.070.007;157.864.319;90009200
24/02/2022;152.580.002;162.850.006;152.000.000;162.740.005;160.497.528;141147500
25/02/2022;163.839.996;165.119.995;160.869.995;164.850.006;162.578.491;91974200
28/02/2022;163.059.998;165.419.998;162.429.993;165.119.995;162.844.757;95056600
01/03/2022;164.699.997;166.600.006;161.970.001;163.199.997;160.951.218;83474400
02/03/2022;164.389.999;167.360.001;162.949.997;166.559.998;164.264.908;79724800
03/03/2022;168.470.001;168.910.004;165.550.003;166.229.996;163.939.438;76678400
04/03/2022;164.490.005;165.550.003;162.100.006;163.169.998;160.921.616;83737200
07/03/2022;163.360.001;165.020.004;159.039.993;159.300.003;157.104.950;96418800
08/03/2022;158.820.007;162.880.005;155.800.003;157.440.002;155.270.584;131148300
09/03/2022;161.479.996;163.410.004;159.410.004;162.949.997;160.704.636;91454900
10/03/2022;160.199.997;160.389.999;155.979.996;158.520.004;156.335.678;105342000
11/03/2022;158.929.993;159.279.999;154.500.000;154.729.996;152.597.916;96970100
14/03/2022;151.449.997;154.119.995;150.100.006;150.619.995;148.544.540;108732100
15/03/2022;150.899.994;155.570.007;150.380.005;155.089.996;152.952.957;92964300
16/03/2022;157.050.003;160.000.000;154.460.007;159.589.996;157.390.930;102300200
17/03/2022;158.610.001;161.000.000;157.630.005;160.619.995;158.406.769;75615400
18/03/2022;160.509.995;164.479.996;159.759.995;163.979.996;161.720.444;123511700
21/03/2022;163.509.995;166.350.006;163.009.995;165.380.005;163.101.166;95811400
22/03/2022;165.509.995;169.419.998;164.910.004;168.820.007;166.493.790;81532000
23/03/2022;167.990.005;172.639.999;167.649.994;170.210.007;167.864.639;98062700
24/03/2022;171.059.998;174.139.999;170.210.007;174.070.007;171.671.432;90131400
25/03/2022;173.880.005;175.279.999;172.750.000;174.720.001;172.312.485;80546200
28/03/2022;172.169.998;175.729.996;172.000.000;175.600.006;173.180.344;90371900
29/03/2022;176.690.002;179.009.995;176.339.996;178.960.007;176.494.049;100589400
30/03/2022;178.550.003;179.610.001;176.699.997;177.770.004;175.320.450;92633200
31/03/2022;177.839.996;178.029.999;174.399.994;174.610.001;172.203.995;103049300
01/04/2022;174.029.999;174.880.005;171.940.002;174.309.998;171.908.127;78751300
04/04/2022;174.570.007;178.490.005;174.440.002;178.440.002;175.981.201;76468400
05/04/2022;177.500.000;178.300.003;174.419.998;175.059.998;172.647.766;73401800
06/04/2022;172.360.001;173.630.005;170.130.005;171.830.002;169.462.265;89058800
07/04/2022;171.160.004;173.360.001;169.850.006;172.139.999;169.768.036;77594700
08/04/2022;171.779.999;171.779.999;169.199.997;170.089.996;167.746.262;76575500
11/04/2022;168.710.007;169.029.999;165.500.000;165.750.000;163.466.080;72246700
12/04/2022;168.020.004;169.869.995;166.639.999;167.660.004;165.349.747;79265200
13/04/2022;167.389.999;171.039.993;166.770.004;170.399.994;168.051.987;70618900
14/04/2022;170.619.995;171.270.004;165.039.993;165.289.993;163.012.405;75329400
18/04/2022;163.919.998;166.600.006;163.570.007;165.070.007;162.795.441;69023900
19/04/2022;165.020.004;167.820.007;163.910.004;167.399.994;165.093.323;67723800
20/04/2022;168.759.995;168.880.005;166.100.006;167.229.996;164.925.659;67929800
21/04/2022;168.910.004;171.529.999;165.910.004;166.419.998;164.126.816;87227800
22/04/2022;166.460.007;167.869.995;161.500.000;161.789.993;159.560.623;84882400
25/04/2022;161.119.995;163.169.998;158.460.007;162.880.005;160.635.620;96046400
26/04/2022;162.250.000;162.339.996;156.720.001;156.800.003;154.639.404;95623200
27/04/2022;155.910.004;159.789.993;155.380.005;156.570.007;154.412.537;88063200
28/04/2022;159.250.000;164.520.004;158.929.993;163.639.999;161.385.147;130216800
29/04/2022;161.839.996;166.199.997;157.250.000;157.649.994;155.477.676;131747600
02/05/2022;156.710.007;158.229.996;153.270.004;157.960.007;155.783.401;123055300
03/05/2022;158.149.994;160.710.007;156.320.007;159.479.996;157.282.471;88966500
04/05/2022;159.669.998;166.479.996;159.259.995;166.020.004;163.732.346;108256500
05/05/2022;163.850.006;164.080.002;154.949.997;156.770.004;154.609.802;130525300
06/05/2022;156.009.995;159.440.002;154.179.993;157.279.999;155.340.683;116124600
09/05/2022;154.929.993;155.830.002;151.490.005;152.059.998;150.185.043;131577900
10/05/2022;155.520.004;156.740.005;152.929.993;154.509.995;152.604.843;115366700
11/05/2022;153.500.000;155.449.997;145.809.998;146.500.000;144.693.604;142689800
12/05/2022;142.770.004;146.199.997;138.800.003;142.559.998;140.802.155;182602000
13/05/2022;144.589.996;148.100.006;143.110.001;147.110.001;145.296.066;113990900
16/05/2022;145.550.003;147.520.004;144.179.993;145.539.993;143.745.438;86643800
17/05/2022;148.860.001;149.770.004;146.679.993;149.240.005;147.399.811;78336300
18/05/2022;146.850.006;147.360.001;139.899.994;140.820.007;139.083.649;109742900
19/05/2022;139.880.005;141.660.004;136.600.006;137.350.006;135.656.448;136095600
20/05/2022;139.089.996;140.699.997;132.610.001;137.589.996;135.893.478;137426100
23/05/2022;137.789.993;143.259.995;137.649.994;143.110.001;141.345.398;117726300
24/05/2022;140.809.998;141.970.001;137.330.002;140.360.001;138.629.303;104132700
25/05/2022;138.429.993;141.789.993;138.339.996;140.520.004;138.787.354;92482700
26/05/2022;137.389.999;144.339.996;137.139.999;143.779.999;142.007.156;90601500
27/05/2022;145.389.999;149.679.993;145.259.995;149.639.999;147.794.876;90978500
31/05/2022;149.070.007;150.660.004;146.839.996;148.839.996;147.004.745;103718400
01/06/2022;149.899.994;151.740.005;147.679.993;148.710.007;146.876.358;74286600
02/06/2022;147.830.002;151.270.004;146.860.001;151.210.007;149.345.535;72348100
03/06/2022;146.899.994;147.970.001;144.460.007;145.380.005;143.587.433;88570300
06/06/2022;147.029.999;148.570.007;144.899.994;146.139.999;144.338.058;71598400
07/06/2022;144.350.006;149.000.000;144.100.006;148.710.007;146.876.358;67808200
08/06/2022;148.580.002;149.869.995;147.460.007;147.960.007;146.135.590;53950200
09/06/2022;147.080.002;147.949.997;142.529.999;142.639.999;140.881.195;69473000
10/06/2022;140.279.999;140.759.995;137.059.998;137.130.005;135.439.148;91437900
13/06/2022;132.869.995;135.199.997;131.440.002;131.880.005;130.253.891;122207100
14/06/2022;133.130.005;133.889.999;131.479.996;132.759.995;131.123.047;84784300
15/06/2022;134.289.993;137.339.996;132.160.004;135.429.993;133.760.086;91533000
16/06/2022;132.080.002;132.389.999;129.039.993;130.059.998;128.456.284;108123900
17/06/2022;130.070.007;133.080.002;129.809.998;131.559.998;129.937.820;134520300
21/06/2022;133.419.998;137.059.998;133.320.007;135.869.995;134.194.672;81000500
22/06/2022;134.789.993;137.759.995;133.910.004;135.350.006;133.681.107;73409200
23/06/2022;136.820.007;138.589.996;135.630.005;138.270.004;136.565.094;72433800
24/06/2022;139.899.994;141.910.004;139.770.004;141.660.004;139.913.284;89116800
27/06/2022;142.699.997;143.490.005;140.970.001;141.660.004;139.913.284;70207900
28/06/2022;142.130.005;143.419.998;137.320.007;137.440.002;135.745.316;67083400
29/06/2022;137.460.007;140.669.998;136.669.998;139.229.996;137.513.245;66242400
30/06/2022;137.250.000;138.369.995;133.770.004;136.720.001;135.034.164;98964500
01/07/2022;136.039.993;139.039.993;135.660.004;138.929.993;137.216.949;71051600
05/07/2022;137.770.004;141.610.001;136.929.993;141.559.998;139.814.499;73353800
06/07/2022;141.350.006;144.119.995;141.080.002;142.919.998;141.157.745;74064300
07/07/2022;143.289.993;146.550.003;143.279.999;146.350.006;144.545.471;66253700
08/07/2022;145.259.995;147.550.003;145.000.000;147.039.993;145.226.944;64547800
11/07/2022;145.669.998;146.639.999;143.779.999;144.869.995;143.083.710;63141600
12/07/2022;145.759.995;148.449.997;145.050.003;145.860.001;144.061.523;77588800
13/07/2022;142.990.005;146.449.997;142.119.995;145.490.005;143.696.075;71185600
14/07/2022;144.080.002;148.949.997;143.250.000;148.470.001;146.639.313;78140700
15/07/2022;149.779.999;150.860.001;148.199.997;150.169.998;148.318.359;76259900
18/07/2022;150.740.005;151.570.007;146.699.997;147.070.007;145.256.592;81420900
19/07/2022;147.919.998;151.229.996;146.910.004;151.000.000;149.138.138;82982400
20/07/2022;151.119.995;153.720.001;150.369.995;153.039.993;151.152.954;64823400
21/07/2022;154.500.000;155.570.007;151.940.002;155.350.006;153.434.509;65086600
22/07/2022;155.389.999;156.279.999;153.410.004;154.089.996;152.190.002;66675400
25/07/2022;154.009.995;155.039.993;152.279.999;152.949.997;151.064.072;53623900
26/07/2022;152.259.995;153.089.996;150.800.003;151.600.006;149.730.728;55138700
27/07/2022;152.580.002;157.330.002;152.160.004;156.789.993;154.856.750;78620700
28/07/2022;156.979.996;157.639.999;154.410.004;157.350.006;155.409.836;81378700
29/07/2022;161.240.005;163.630.005;159.500.000;162.509.995;160.506.195;101786900
01/08/2022;161.009.995;163.589.996;160.889.999;161.509.995;159.518.539;67829400
02/08/2022;160.100.006;162.410.004;159.630.005;160.009.995;158.037.018;59907000
03/08/2022;160.839.996;166.589.996;160.750.000;166.130.005;164.081.558;82507500
04/08/2022;166.009.995;167.190.002;164.429.993;165.809.998;163.765.488;55474100
05/08/2022;163.210.007;165.850.006;163.000.000;165.350.006;163.538.040;56697000
08/08/2022;166.369.995;167.809.998;164.199.997;164.869.995;163.063.278;60276900
09/08/2022;164.020.004;165.820.007;163.250.000;164.919.998;163.112.747;63135500
10/08/2022;167.679.993;169.339.996;166.899.994;169.240.005;167.385.422;70170500
11/08/2022;170.059.998;170.990.005;168.190.002;168.490.005;166.643.616;57149200
12/08/2022;169.820.007;172.169.998;169.399.994;172.100.006;170.214.035;68039400
15/08/2022;171.520.004;173.389.999;171.350.006;173.190.002;171.292.114;54091700
16/08/2022;172.779.999;173.710.007;171.660.004;173.029.999;171.133.881;56377100
17/08/2022;172.770.004;176.149.994;172.570.007;174.550.003;172.637.207;79542000
18/08/2022;173.750.000;174.899.994;173.119.995;174.149.994;172.241.562;62290100
19/08/2022;173.029.999;173.740.005;171.309.998;171.520.004;169.640.427;70346300
22/08/2022;169.690.002;169.860.001;167.139.999;167.570.007;165.733.704;69026800
23/08/2022;167.080.002;168.710.007;166.649.994;167.229.996;165.397.400;54147100
24/08/2022;167.320.007;168.110.001;166.250.000;167.529.999;165.694.122;53841500
25/08/2022;168.779.999;170.139.999;168.350.006;170.029.999;168.166.733;51218200
26/08/2022;170.570.007;171.050.003;163.559.998;163.619.995;161.826.996;78961000
29/08/2022;161.149.994;162.899.994;159.820.007;161.380.005;159.611.526;73314000
30/08/2022;162.130.005;162.559.998;157.720.001;158.910.004;157.168.594;77906200
31/08/2022;160.309.998;160.580.002;157.139.999;157.220.001;155.497.116;87991100
01/09/2022;156.639.999;158.419.998;154.669.998;157.960.007;156.229.004;74229900
02/09/2022;159.750.000;160.360.001;154.970.001;155.809.998;154.102.554;76957800
06/09/2022;156.470.001;157.089.996;153.690.002;154.529.999;152.836.609;73714800
07/09/2022;154.820.007;156.669.998;153.610.001;155.960.007;154.250.931;87449600
08/09/2022;154.639.999;156.360.001;152.679.993;154.460.007;152.767.380;84923800
09/09/2022;155.470.001;157.820.007;154.750.000;157.369.995;155.645.462;68028800
12/09/2022;159.589.996;164.259.995;159.300.003;163.429.993;161.639.053;104956000
13/09/2022;159.899.994;160.539.993;153.369.995;153.839.996;152.154.160;122656600
14/09/2022;154.789.993;157.100.006;153.610.001;155.309.998;153.608.047;87965400
15/09/2022;154.649.994;155.240.005;151.380.005;152.369.995;150.700.256;90481100
16/09/2022;151.210.007;151.350.006;148.369.995;150.699.997;149.048.569;162278800
19/09/2022;149.309.998;154.559.998;149.100.006;154.479.996;152.787.155;81474200
20/09/2022;153.399.994;158.080.002;153.080.002;156.899.994;155.180.618;107689800
21/09/2022;157.339.996;158.740.005;153.600.006;153.720.001;152.035.477;101696800
22/09/2022;152.380.005;154.470.001;150.910.004;152.740.005;151.066.208;86652500
23/09/2022;151.190.002;151.470.001;148.559.998;150.429.993;148.781.525;96029900
26/09/2022;149.660.004;153.770.004;149.639.999;150.770.004;149.117.798;93339400
27/09/2022;152.740.005;154.720.001;149.949.997;151.759.995;150.096.970;84442700
28/09/2022;147.639.999;150.639.999;144.839.996;149.839.996;148.197.998;146691400
29/09/2022;146.100.006;146.720.001;140.679.993;142.479.996;140.918.625;128138200
30/09/2022;141.279.999;143.100.006;138.000.000;138.199.997;136.685.547;124925300
03/10/2022;138.210.007;143.070.007;137.690.002;142.449.997;140.888.992;114311700
04/10/2022;145.029.999;146.220.001;144.259.995;146.100.006;144.498.993;87830100
05/10/2022;144.070.007;147.380.005;143.009.995;146.399.994;144.795.685;79471000
06/10/2022;145.809.998;147.539.993;145.220.001;145.429.993;143.836.319;68402200
07/10/2022;142.539.993;143.100.006;139.449.997;140.089.996;138.554.840;85925600
10/10/2022;140.419.998;141.889.999;138.570.007;140.419.998;138.881.210;74899000
11/10/2022;139.899.994;141.350.006;138.220.001;138.979.996;137.456.970;77033700
12/10/2022;139.130.005;140.360.001;138.160.004;138.339.996;136.824.005;70433700
13/10/2022;134.990.005;143.589.996;134.369.995;142.990.005;141.423.050;113224000
14/10/2022;144.309.998;144.520.004;138.190.002;138.380.005;136.863.571;88598000
17/10/2022;141.070.007;142.899.994;140.270.004;142.410.004;140.849.426;85250900
18/10/2022;145.490.005;146.699.997;140.610.001;143.750.000;142.174.728;99136600
19/10/2022;141.690.002;144.949.997;141.500.000;143.860.001;142.283.524;61758300
20/10/2022;143.020.004;145.889.999;142.649.994;143.389.999;141.818.665;64522000
21/10/2022;142.869.995;147.850.006;142.649.994;147.270.004;145.656.158;86548600
24/10/2022;147.190.002;150.229.996;146.000.000;149.449.997;147.812.256;75981900
25/10/2022;150.089.996;152.490.005;149.360.001;152.339.996;150.670.593;74732300
26/10/2022;150.960.007;151.990.005;148.039.993;149.350.006;147.713.364;88194300
27/10/2022;148.070.007;149.050.003;144.130.005;144.800.003;143.213.211;109180200
28/10/2022;148.199.997;157.500.000;147.820.007;155.740.005;154.033.325;164762400
31/10/2022;153.160.004;154.240.005;151.919.998;153.339.996;151.659.637;97943200
01/11/2022;155.080.002;155.449.997;149.130.005;150.649.994;148.999.115;80379300
02/11/2022;148.949.997;152.169.998;145.000.000;145.029.999;143.440.689;93604600
03/11/2022;142.059.998;142.800.003;138.750.000;138.880.005;137.358.093;97918500
04/11/2022;142.089.996;142.669.998;134.380.005;138.380.005;137.090.622;140814800
07/11/2022;137.110.001;139.149.994;135.669.998;138.919.998;137.625.580;83374600
08/11/2022;140.410.004;141.429.993;137.490.005;139.500.000;138.200.180;89908500
09/11/2022;138.500.000;138.550.003;134.589.996;134.869.995;133.613.297;74917800
10/11/2022;141.240.005;146.869.995;139.500.000;146.869.995;145.501.495;118854000
11/11/2022;145.820.007;150.009.995;144.369.995;149.699.997;148.305.145;93979700
14/11/2022;148.970.001;150.279.999;147.429.993;148.279.999;146.898.376;73374100
15/11/2022;152.220.001;153.589.996;148.559.998;150.039.993;148.641.968;89868300
16/11/2022;149.130.005;149.869.995;147.289.993;148.789.993;147.403.595;64218300
17/11/2022;146.429.993;151.479.996;146.149.994;150.720.001;149.315.613;80389400
18/11/2022;152.309.998;152.699.997;149.970.001;151.289.993;149.880.295;74829600
21/11/2022;150.160.004;150.369.995;147.720.001;148.009.995;146.630.875;58724100
22/11/2022;148.130.005;150.419.998;146.929.993;150.179.993;148.780.655;51804100
23/11/2022;149.449.997;151.830.002;149.339.996;151.070.007;149.662.384;58301400
25/11/2022;148.309.998;148.880.005;147.119.995;148.110.001;146.729.950;35195900
28/11/2022;145.139.999;146.639.999;143.380.005;144.220.001;142.876.190;69246000
29/11/2022;144.289.993;144.809.998;140.350.006;141.169.998;139.854.645;83763800
30/11/2022;141.399.994;148.720.001;140.550.003;148.029.999;146.650.681;111380900
01/12/2022;148.210.007;149.130.005;146.610.001;148.309.998;146.928.070;71250400
02/12/2022;145.960.007;148.000.000;145.649.994;147.809.998;146.432.724;65447400
05/12/2022;147.770.004;150.919.998;145.770.004;146.630.005;145.263.763;68826400
06/12/2022;147.070.007;147.300.003;141.919.998;142.910.004;141.578.384;64727200
07/12/2022;142.190.002;143.369.995;140.000.000;140.940.002;139.626.770;69721100
08/12/2022;142.360.001;143.520.004;141.100.006;142.649.994;141.320.816;62128300
09/12/2022;142.339.996;145.570.007;140.899.994;142.160.004;140.835.403;76097000
12/12/2022;142.699.997;144.500.000;141.059.998;144.490.005;143.143.677;70462700
13/12/2022;149.500.000;149.970.001;144.240.005;145.470.001;144.114.548;93886200
14/12/2022;145.350.006;146.660.004;141.160.004;143.210.007;141.875.595;82291200
15/12/2022;141.110.001;141.800.003;136.029.999;136.500.000;135.228.149;98931900
16/12/2022;136.690.002;137.649.994;133.729.996;134.509.995;133.256.668;160156900
19/12/2022;135.110.001;135.199.997;131.320.007;132.369.995;131.136.612;79592600
20/12/2022;131.389.999;133.250.000;129.889.999;132.300.003;131.067.276;77432800
21/12/2022;132.979.996;136.809.998;132.750.000;135.449.997;134.187.912;85928000
22/12/2022;134.350.006;134.559.998;130.300.003;132.229.996;130.997.925;77852100
23/12/2022;130.919.998;132.419.998;129.639.999;131.860.001;130.631.363;63814900
27/12/2022;131.380.005;131.410.004;128.720.001;130.029.999;128.818.405;69007800
28/12/2022;129.669.998;131.029.999;125.870.003;126.040.001;124.865.585;85438400
29/12/2022;127.989.998;130.479.996;127.730.003;129.610.001;128.402.328;75703700
30/12/2022;128.410.004;129.949.997;127.430.000;129.929.993;128.719.330;77034200
03/01/2023;130.279.999;130.899.994;124.169.998;125.070.000;123.904.625;112117500
04/01/2023;126.889.999;128.660.004;125.080.002;126.360.001;125.182.610;89113600
05/01/2023;127.129.997;127.769.997;124.760.002;125.019.997;123.855.095;80962700
06/01/2023;126.010.002;130.289.993;124.889.999;129.619.995;128.412.216;87754700
09/01/2023;130.470.001;133.410.004;129.889.999;130.149.994;128.937.286;70790800
10/01/2023;130.259.995;131.259.995;128.119.995;130.729.996;129.511.871;63896200
11/01/2023;131.250.000;133.509.995;130.460.007;133.490.005;132.246.201;69458900
12/01/2023;133.880.005;134.259.995;131.440.002;133.410.004;132.166.931;71379600
13/01/2023;132.029.999;134.919.998;131.660.004;134.759.995;133.504.333;57809700
17/01/2023;134.830.002;137.289.993;134.130.005;135.940.002;134.673.355;63646600
18/01/2023;136.820.007;138.610.001;135.029.999;135.210.007;133.950.150;69672800
19/01/2023;134.080.002;136.250.000;133.770.004;135.270.004;134.009.567;58280400
20/01/2023;135.279.999;138.020.004;134.220.001;137.869.995;136.585.358;80223600
23/01/2023;138.119.995;143.320.007;137.899.994;141.110.001;139.795.197;81760300
24/01/2023;140.309.998;143.160.004;140.300.003;142.529.999;141.201.935;66435100
25/01/2023;140.889.999;142.429.993;138.809.998;141.860.001;140.538.193;65799300
26/01/2023;143.169.998;144.250.000;141.899.994;143.960.007;142.618.622;54105100
27/01/2023;143.160.004;147.229.996;143.080.002;145.929.993;144.570.251;70555800
30/01/2023;144.960.007;145.550.003;142.850.006;143.000.000;141.667.557;64015300
31/01/2023;142.699.997;144.339.996;142.279.999;144.289.993;142.945.541;65874500
01/02/2023;143.970.001;146.610.001;141.320.007;145.429.993;144.074.921;77663600
02/02/2023;148.899.994;151.179.993;148.169.998;150.820.007;149.414.719;118339000
03/02/2023;148.029.999;157.380.005;147.830.002;154.500.000;153.060.394;154357300
06/02/2023;152.570.007;153.100.006;150.779.999;151.729.996;150.316.208;69858300
07/02/2023;150.639.999;155.229.996;150.639.999;154.649.994;153.209.030;83322600
08/02/2023;153.880.005;154.580.002;151.169.998;151.919.998;150.504.456;64120100
09/02/2023;153.779.999;154.330.002;150.419.998;150.869.995;149.464.218;56007100
10/02/2023;149.460.007;151.339.996;149.220.001;151.009.995;149.831.345;57450700
13/02/2023;150.949.997;154.259.995;150.919.998;153.850.006;152.649.185;62199000
14/02/2023;152.119.995;153.770.004;150.860.001;153.199.997;152.004.242;61707600
15/02/2023;153.110.001;155.500.000;152.880.005;155.330.002;154.117.645;65573800
16/02/2023;153.509.995;156.330.002;153.350.006;153.710.007;152.510.269;68167900
17/02/2023;152.350.006;153.000.000;150.850.006;152.550.003;151.359.314;59144100
21/02/2023;150.199.997;151.300.003;148.410.004;148.479.996;147.321.091;58867200
22/02/2023;148.869.995;149.949.997;147.160.004;148.910.004;147.747.726;51011300
23/02/2023;150.089.996;150.339.996;147.240.005;149.399.994;148.233.902;48394200
24/02/2023;147.110.001;147.190.002;145.720.001;146.710.007;145.564.911;55469600
27/02/2023;147.710.007;149.169.998;147.449.997;147.919.998;146.765.488;44998500
28/02/2023;147.050.003;149.080.002;146.830.002;147.410.004;146.259.445;50547000
01/03/2023;146.830.002;147.229.996;145.009.995;145.309.998;144.175.827;55479000
02/03/2023;144.380.005;146.710.007;143.899.994;145.910.004;144.771.164;52238100
03/03/2023;148.039.993;151.110.001;147.330.002;151.029.999;149.851.212;70732300
06/03/2023;153.789.993;156.300.003;153.460.007;153.830.002;152.629.349;87558000
07/03/2023;153.699.997;154.029.999;151.130.005;151.600.006;150.416.733;56182000
08/03/2023;152.809.998;153.470.001;151.830.002;152.869.995;151.676.804;47204800
09/03/2023;153.559.998;154.539.993;150.229.996;150.589.996;149.414.627;53833600
10/03/2023;150.210.007;150.940.002;147.610.001;148.500.000;147.340.927;68572400
13/03/2023;147.809.998;153.139.999;147.699.997;150.470.001;149.295.563;84457100
14/03/2023;151.279.999;153.399.994;150.100.006;152.589.996;151.399.017;73695900
15/03/2023;151.190.002;153.250.000;149.919.998;152.990.005;151.795.883;77167900
16/03/2023;152.160.004;156.460.007;151.639.999;155.850.006;154.633.575;76161100
17/03/2023;156.080.002;156.740.005;154.279.999;155.000.000;153.790.207;98944600
20/03/2023;155.070.007;157.820.007;154.149.994;157.399.994;156.171.478;73641400
21/03/2023;157.320.007;159.399.994;156.539.993;159.279.999;158.036.789;73938300
22/03/2023;159.300.003;162.139.999;157.809.998;157.830.002;156.598.129;75701800
23/03/2023;158.830.002;161.550.003;157.679.993;158.929.993;157.689.499;67622100
24/03/2023;158.860.001;160.339.996;157.850.006;160.250.000;158.999.237;59196500
27/03/2023;159.940.002;160.770.004;157.869.995;158.279.999;157.044.617;52390300
28/03/2023;157.970.001;158.490.005;155.979.996;157.649.994;156.419.495;45992200
29/03/2023;159.369.995;161.050.003;159.350.006;160.770.004;159.515.182;51305700
30/03/2023;161.529.999;162.470.001;161.270.004;162.360.001;161.092.758;49501700
31/03/2023;162.440.002;165.000.000;161.910.004;164.899.994;163.612.930;68749800
03/04/2023;164.270.004;166.289.993;164.220.001;166.169.998;164.873.016;56976200
04/04/2023;166.600.006;166.839.996;165.110.001;165.630.005;164.337.265;46278300
05/04/2023;164.740.005;165.050.003;161.800.003;163.759.995;162.481.827;51511700
06/04/2023;162.429.993;164.960.007;162.000.000;164.660.004;163.374.817;45390100
10/04/2023;161.419.998;162.029.999;160.080.002;162.029.999;160.765.320;47716900
11/04/2023;162.350.006;162.360.001;160.509.995;160.800.003;159.544.922;47644200
12/04/2023;161.220.001;162.059.998;159.779.999;160.100.006;158.850.418;50133100
13/04/2023;161.630.005;165.800.003;161.419.998;165.559.998;164.267.792;68445600
14/04/2023;164.589.996;166.320.007;163.820.007;165.210.007;163.920.532;49386500
17/04/2023;165.089.996;165.389.999;164.029.999;165.229.996;163.940.353;41516200
18/04/2023;166.100.006;167.410.004;165.649.994;166.470.001;165.170.715;49923000
19/04/2023;165.800.003;168.160.004;165.539.993;167.630.005;166.321.625;47720200
20/04/2023;166.089.996;167.869.995;165.559.998;166.649.994;165.349.258;52456400
21/04/2023;165.050.003;166.449.997;164.490.005;165.020.004;163.732.010;58337300
24/04/2023;165.000.000;165.600.006;163.889.999;165.330.002;164.039.566;41949600
25/04/2023;165.190.002;166.309.998;163.729.996;163.770.004;162.491.760;48714100
26/04/2023;163.059.998;165.279.999;162.800.003;163.759.995;162.481.827;45498800
27/04/2023;165.190.002;168.559.998;165.190.002;168.410.004;167.095.535;64902300
28/04/2023;168.490.005;169.850.006;167.880.005;169.679.993;168.355.621;55209200
01/05/2023;169.279.999;170.449.997;168.639.999;169.589.996;168.266.342;52472900
02/05/2023;170.089.996;170.350.006;167.539.993;168.539.993;167.224.533;48425700
03/05/2023;169.500.000;170.919.998;167.160.004;167.449.997;166.143.036;65136000
04/05/2023;164.889.999;167.039.993;164.309.998;165.789.993;164.495.987;81235400
05/05/2023;170.979.996;174.300.003;170.759.995;173.570.007;172.215.286;113316400
08/05/2023;172.479.996;173.850.006;172.110.001;173.500.000;172.145.798;55962800
09/05/2023;173.050.003;173.539.993;171.600.006;171.770.004;170.429.321;45326900
10/05/2023;173.020.004;174.029.999;171.899.994;173.559.998;172.205.353;53724500
11/05/2023;173.850.006;174.589.996;172.169.998;173.750.000;172.393.860;49514700
12/05/2023;173.619.995;174.059.998;171.000.000;172.570.007;171.459.915;45497800
15/05/2023;173.160.004;173.210.007;171.470.001;172.070.007;170.963.120;37266700
16/05/2023;171.990.005;173.139.999;171.800.003;172.070.007;170.963.120;42110300
17/05/2023;171.710.007;172.929.993;170.419.998;172.690.002;171.579.132;57951600
18/05/2023;173.000.000;175.240.005;172.580.002;175.050.003;173.923.965;65496700
19/05/2023;176.389.999;176.389.999;174.940.002;175.160.004;174.033.249;55772400
22/05/2023;173.979.996;174.710.007;173.449.997;174.199.997;173.079.422;43570900
23/05/2023;173.130.005;173.380.005;171.279.999;171.559.998;170.456.406;50747300
24/05/2023;171.089.996;172.419.998;170.520.004;171.839.996;170.734.604;45143500
25/05/2023;172.410.004;173.899.994;171.690.002;172.990.005;171.877.213;56058300
26/05/2023;173.320.007;175.770.004;173.110.001;175.429.993;174.301.483;54835000
30/05/2023;176.960.007;178.990.005;176.570.007;177.300.003;176.159.470;55964400
31/05/2023;177.330.002;179.350.006;176.759.995;177.250.000;176.109.802;99625300
01/06/2023;177.699.997;180.119.995;176.929.993;180.089.996;178.931.519;68901800
02/06/2023;181.029.999;181.779.999;179.259.995;180.949.997;179.785.980;61945900
05/06/2023;182.630.005;184.949.997;178.039.993;179.580.002;178.424.820;121946500
06/06/2023;179.970.001;180.119.995;177.429.993;179.210.007;178.057.190;64848400
07/06/2023;178.440.002;181.210.007;177.320.007;177.820.007;176.676.132;61944600
08/06/2023;177.899.994;180.839.996;177.460.007;180.570.007;179.408.463;50214900
09/06/2023;181.500.000;182.229.996;180.630.005;180.960.007;179.795.914;48870700
12/06/2023;181.270.004;183.889.999;180.970.001;183.789.993;182.607.727;54274900
13/06/2023;182.800.003;184.149.994;182.440.002;183.309.998;182.130.814;54929100
14/06/2023;183.369.995;184.389.999;182.020.004;183.949.997;182.766.708;57462900
15/06/2023;183.960.007;186.520.004;183.779.999;186.009.995;184.813.461;65433200
16/06/2023;186.729.996;186.990.005;184.270.004;184.919.998;183.730.469;101235600
20/06/2023;184.410.004;186.100.006;184.410.004;185.009.995;183.819.885;49799100
21/06/2023;184.899.994;185.410.004;182.589.996;183.960.007;182.776.657;49515700
22/06/2023;183.740.005;187.050.003;183.669.998;187.000.000;185.797.089;51245300
23/06/2023;185.550.003;187.559.998;185.009.995;186.679.993;185.479.126;53079300
26/06/2023;186.830.002;188.050.003;185.229.996;185.270.004;184.078.201;48088700
27/06/2023;185.889.999;188.389.999;185.669.998;188.059.998;186.850.266;50730800
28/06/2023;187.929.993;189.899.994;187.600.006;189.250.000;188.032.593;51216800
29/06/2023;189.080.002;190.070.007;188.940.002;189.589.996;188.370.422;46347300
30/06/2023;191.630.005;194.479.996;191.259.995;193.970.001;192.722.260;85069600
03/07/2023;193.779.999;193.880.005;191.759.995;192.460.007;191.221.954;31458200
05/07/2023;191.570.007;192.979.996;190.619.995;191.330.002;190.099.228;46920300
06/07/2023;189.839.996;192.020.004;189.199.997;191.809.998;190.576.141;45094300
07/07/2023;191.410.004;192.669.998;190.240.005;190.679.993;189.453.400;46778000
10/07/2023;189.259.995;189.990.005;187.039.993;188.610.001;187.396.713;59922200
11/07/2023;189.160.004;189.300.003;186.600.006;188.080.002;186.870.148;46638100
12/07/2023;189.679.993;191.699.997;188.470.001;189.770.004;188.549.255;60750200
13/07/2023;190.500.000;191.190.002;189.779.999;190.539.993;189.314.301;41342300
14/07/2023;190.229.996;191.179.993;189.630.005;190.690.002;189.463.364;41573900
17/07/2023;191.899.994;194.320.007;191.809.998;193.990.005;192.742.111;50520200
18/07/2023;193.350.006;194.330.002;192.419.998;193.729.996;192.483.795;48353800
19/07/2023;193.100.006;198.229.996;192.649.994;195.100.006;193.844.955;80507300
20/07/2023;195.089.996;196.470.001;192.500.000;193.130.005;191.887.650;59581200
21/07/2023;194.100.006;194.970.001;191.229.996;191.940.002;190.705.292;71917800
24/07/2023;193.410.004;194.910.004;192.250.000;192.750.000;191.510.117;45377800
25/07/2023;193.330.002;194.440.002;192.919.998;193.619.995;192.374.481;37283200
26/07/2023;193.669.998;195.639.999;193.320.007;194.500.000;193.248.840;47471900
27/07/2023;196.020.004;197.199.997;192.550.003;193.220.001;191.977.051;47460200
28/07/2023;194.669.998;196.630.005;194.139.999;195.830.002;194.570.267;48291400
31/07/2023;196.059.998;196.490.005;195.259.995;196.449.997;195.186.295;38824100
01/08/2023;196.240.005;196.729.996;195.279.999;195.610.001;194.351.685;35175100
02/08/2023;195.039.993;195.179.993;191.850.006;192.580.002;191.341.187;50389300
03/08/2023;191.570.007;192.369.995;190.690.002;191.169.998;189.940.262;61235200
04/08/2023;185.520.004;187.380.005;181.919.998;181.990.005;180.819.305;115799700
07/08/2023;182.130.005;183.130.005;177.350.006;178.850.006;177.699.524;97576100
08/08/2023;179.690.002;180.270.004;177.580.002;179.800.003;178.643.402;67823000
09/08/2023;180.869.995;180.929.993;177.009.995;178.190.002;177.043.762;60378500
10/08/2023;179.479.996;180.750.000;177.600.006;177.970.001;176.825.165;54686900
11/08/2023;177.320.007;178.619.995;176.550.003;177.789.993;176.884.857;51988100
14/08/2023;177.970.001;179.690.002;177.309.998;179.460.007;178.546.371;43675600
15/08/2023;178.880.005;179.479.996;177.050.003;177.449.997;176.546.585;43622600
16/08/2023;177.130.005;178.539.993;176.500.000;176.570.007;175.671.082;46964900
17/08/2023;177.139.999;177.509.995;173.479.996;174.000.000;173.114.166;66062900
18/08/2023;172.300.003;175.100.006;171.960.007;174.490.005;173.601.669;61114200
21/08/2023;175.070.007;176.130.005;173.740.005;175.839.996;174.944.794;46311900
22/08/2023;177.059.998;177.679.993;176.250.000;177.229.996;176.327.698;42084200
23/08/2023;178.520.004;181.550.003;178.330.002;181.119.995;180.197.922;52722800
24/08/2023;180.669.998;181.100.006;176.009.995;176.380.005;175.482.040;54945800
25/08/2023;177.380.005;179.149.994;175.820.007;178.610.001;177.700.699;51449600
28/08/2023;180.089.996;180.589.996;178.550.003;180.190.002;179.272.659;43820700
29/08/2023;179.699.997;184.899.994;179.500.000;184.119.995;183.182.632;53003900
30/08/2023;184.940.002;187.850.006;184.740.005;187.649.994;186.694.672;60813900
31/08/2023;187.839.996;189.119.995;187.479.996;187.869.995;186.913.528;60794500
01/09/2023;189.490.005;189.919.998;188.279.999;189.460.007;188.495.438;45732600
05/09/2023;188.279.999;189.979.996;187.610.001;189.699.997;188.734.222;45280000
06/09/2023;188.399.994;188.850.006;181.470.001;182.910.004;181.978.806;81755800
07/09/2023;175.179.993;178.210.007;173.539.993;177.559.998;176.656.021;112488800
08/09/2023;178.350.006;180.240.005;177.789.993;178.179.993;177.272.873;65551300
11/09/2023;180.070.007;180.300.003;177.339.996;179.360.001;178.446.884;58953100
12/09/2023;179.490.005;180.130.005;174.820.007;176.300.003;175.402.451;90370200
13/09/2023;176.509.995;177.300.003;173.979.996;174.210.007;173.323.090;84267900
14/09/2023;174.000.000;176.100.006;173.580.002;175.740.005;174.845.306;60895800
15/09/2023;176.479.996;176.500.000;173.820.007;175.009.995;174.119.003;109205100
18/09/2023;176.479.996;179.380.005;176.169.998;177.970.001;177.063.950;67257600
19/09/2023;177.520.004;179.630.005;177.130.005;179.070.007;178.158.340;51826900
20/09/2023;179.259.995;179.699.997;175.399.994;175.490.005;174.596.588;58436200
21/09/2023;174.550.003;176.300.003;173.860.001;173.929.993;173.044.495;63047900
22/09/2023;174.669.998;177.080.002;174.050.003;174.789.993;173.900.131;56725400
25/09/2023;174.199.997;176.970.001;174.149.994;176.080.002;175.183.563;46172700
26/09/2023;174.820.007;175.199.997;171.660.004;171.960.007;171.084.549;64588900
27/09/2023;172.619.995;173.039.993;169.050.003;170.429.993;169.562.317;66921800
28/09/2023;169.339.996;172.029.999;167.619.995;170.690.002;169.821.014;56294400
29/09/2023;172.020.004;173.070.007;170.339.996;171.210.007;170.338.379;51814200
02/10/2023;171.220.001;174.300.003;170.929.993;173.750.000;172.865.417;52164500
03/10/2023;172.259.995;173.630.005;170.820.007;172.399.994;171.522.308;49594600
04/10/2023;171.089.996;174.210.007;170.970.001;173.660.004;172.775.894;53020300
05/10/2023;173.789.993;175.449.997;172.679.993;174.910.004;174.019.531;48527900
06/10/2023;173.800.003;177.990.005;173.179.993;177.490.005;176.586.395;57224100
09/10/2023;176.809.998;179.050.003;175.800.003;178.990.005;178.078.751;42390800
10/10/2023;178.100.006;179.720.001;177.949.997;178.389.999;177.481.812;43698000
11/10/2023;178.199.997;179.850.006;177.600.006;179.800.003;178.884.628;47551100
12/10/2023;180.070.007;182.339.996;179.039.993;180.710.007;179.790.009;56743100
13/10/2023;181.419.998;181.929.993;178.139.999;178.850.006;177.939.484;51427100
16/10/2023;176.750.000;179.080.002;176.509.995;178.720.001;177.810.120;52517000
17/10/2023;176.649.994;178.419.998;174.800.003;177.149.994;176.248.123;57549400
18/10/2023;175.580.002;177.580.002;175.110.001;175.839.996;174.944.794;54764400
19/10/2023;176.039.993;177.839.996;175.190.002;175.460.007;174.566.727;59302900
20/10/2023;175.309.998;175.419.998;172.639.999;172.880.005;171.999.863;64189300
23/10/2023;170.910.004;174.009.995;169.929.993;173.000.000;172.119.247;55980100
24/10/2023;173.050.003;173.669.998;171.449.997;173.440.002;172.556.992;43816600
25/10/2023;171.880.005;173.059.998;170.649.994;171.100.006;170.228.928;57157000
26/10/2023;170.369.995;171.380.005;165.669.998;166.889.999;166.040.344;70625300
27/10/2023;166.910.004;168.960.007;166.830.002;168.220.001;167.363.571;58499100
30/10/2023;169.020.004;171.169.998;168.869.995;170.289.993;169.423.035;51131000
31/10/2023;169.350.006;170.899.994;167.899.994;170.770.004;169.900.604;44846000
01/11/2023;171.000.000;174.229.996;170.119.995;173.970.001;173.084.305;56934900
02/11/2023;175.520.004;177.779.999;175.460.007;177.570.007;176.665.985;77334800
03/11/2023;174.240.005;176.820.007;173.350.006;176.649.994;175.750.656;79763700
06/11/2023;176.380.005;179.429.993;176.210.007;179.229.996;178.317.520;63841300
07/11/2023;179.179.993;182.440.002;178.970.001;181.820.007;180.894.333;70530000
08/11/2023;182.350.006;183.449.997;181.589.996;182.889.999;181.958.893;49340300
09/11/2023;182.960.007;184.119.995;181.809.998;182.410.004;181.481.339;53763500
10/11/2023;183.970.001;186.570.007;183.529.999;186.399.994;185.695.343;66133400
13/11/2023;185.820.007;186.029.999;184.210.007;184.800.003;184.101.410;43627500
14/11/2023;187.699.997;188.110.001;186.300.003;187.440.002;186.731.415;60108400
15/11/2023;187.850.006;189.500.000;187.779.999;188.009.995;187.299.255;53790500
16/11/2023;189.570.007;190.960.007;188.649.994;189.710.007;188.992.859;54412900
17/11/2023;190.250.000;190.380.005;188.570.007;189.690.002;188.972.916;50922700
20/11/2023;189.889.999;191.910.004;189.880.005;191.449.997;190.726.257;46505100
21/11/2023;191.410.004;191.520.004;189.740.005;190.639.999;189.919.327;38134500
22/11/2023;191.490.005;192.929.993;190.830.002;191.309.998;190.586.792;39617700
24/11/2023;190.869.995;190.899.994;189.250.000;189.970.001;189.251.862;24048300
27/11/2023;189.919.998;190.669.998;188.899.994;189.789.993;189.072.525;40552600
28/11/2023;189.779.999;191.080.002;189.399.994;190.399.994;189.680.222;38415400
29/11/2023;190.899.994;192.089.996;188.970.001;189.369.995;188.654.114;43014200
30/11/2023;189.839.996;190.320.007;188.190.002;189.949.997;189.231.918;48794400
01/12/2023;190.330.002;191.559.998;189.229.996;191.240.005;190.517.059;45679300
04/12/2023;189.979.996;190.050.003;187.449.997;189.429.993;188.713.898;43389500
05/12/2023;190.210.007;194.399.994;190.179.993;193.419.998;192.688.812;66628400
06/12/2023;194.449.997;194.759.995;192.110.001;192.320.007;191.592.987;41089700
07/12/2023;193.630.005;195.000.000;193.589.996;194.270.004;193.535.614;47477700
08/12/2023;194.199.997;195.990.005;193.669.998;195.710.007;194.970.154;53377300
11/12/2023;193.110.001;193.490.005;191.419.998;193.179.993;192.449.707;60943700
12/12/2023;193.080.002;194.720.001;191.720.001;194.710.007;193.973.953;52696900
13/12/2023;195.089.996;198.000.000;194.850.006;197.960.007;197.211.655;70404200
14/12/2023;198.020.004;199.619.995;196.160.004;198.110.001;197.361.084;66831600
15/12/2023;197.529.999;198.399.994;197.000.000;197.570.007;196.823.135;128256700
18/12/2023;196.089.996;196.630.005;194.389.999;195.889.999;195.149.475;55751900
19/12/2023;196.160.004;196.949.997;195.889.999;196.940.002;196.195.511;40714100
20/12/2023;196.899.994;197.679.993;194.830.002;194.830.002;194.093.491;52242800
21/12/2023;196.100.006;197.080.002;193.500.000;194.679.993;193.944.031;46482500
22/12/2023;195.179.993;195.410.004;192.970.001;193.600.006;192.868.149;37122800
26/12/2023;193.610.001;193.889.999;192.830.002;193.050.003;192.320.221;28919300
27/12/2023;192.490.005;193.500.000;191.089.996;193.149.994;192.419.830;48087700
28/12/2023;194.139.999;194.660.004;193.169.998;193.580.002;192.848.206;34049900
29/12/2023;193.899.994;194.399.994;191.729.996;192.529.999;191.802.170;42628800
02/01/2024;187.149.994;188.440.002;183.889.999;185.639.999;184.938.217;82488700
03/01/2024;184.220.001;185.880.005;183.429.993;184.250.000;183.553.482;58414500
04/01/2024;182.149.994;183.089.996;180.880.005;181.910.004;181.222.336;71983600
05/01/2024;181.990.005;182.759.995;180.169.998;181.179.993;180.495.071;62303300
08/01/2024;182.089.996;185.600.006;181.500.000;185.559.998;184.858.521;59144500
09/01/2024;183.919.998;185.149.994;182.729.996;185.139.999;184.440.109;42841800
10/01/2024;184.350.006;186.399.994;183.919.998;186.190.002;185.486.145;46792900
11/01/2024;186.539.993;187.050.003;183.619.995;185.589.996;184.888.412;49128400
12/01/2024;186.059.998;186.740.005;185.190.002;185.919.998;185.217.163;40444700
16/01/2024;182.160.004;184.259.995;180.929.993;183.630.005;182.935.822;65603000
17/01/2024;181.270.004;182.929.993;180.300.003;182.679.993;181.989.410;47317400
18/01/2024;186.089.996;189.139.999;185.830.002;188.630.005;187.916.931;78005800
19/01/2024;189.330.002;191.949.997;188.820.007;191.559.998;190.835.846;68741000
22/01/2024;192.300.003;195.330.002;192.259.995;193.889.999;193.157.028;60133900
23/01/2024;195.020.004;195.750.000;193.830.002;195.179.993;194.442.154;42355600
24/01/2024;195.419.998;196.380.005;194.339.996;194.500.000;193.764.725;53631300
25/01/2024;195.220.001;196.270.004;193.110.001;194.169.998;193.435.974;54822100
26/01/2024;194.270.004;194.759.995;191.940.002;192.419.998;191.692.596;44594000
29/01/2024;192.009.995;192.199.997;189.580.002;191.729.996;191.005.203;47145600
30/01/2024;190.940.002;191.800.003;187.470.001;188.039.993;187.329.147;55859400
31/01/2024;187.039.993;187.100.006;184.350.006;184.399.994;183.702.911;55467800
01/02/2024;183.990.005;186.949.997;183.820.007;186.860.001;186.153.625;64885400
02/02/2024;179.860.001;187.330.002;179.250.000;185.850.006;185.147.430;102518000
05/02/2024;188.149.994;189.250.000;185.839.996;187.679.993;186.970.505;69668800
06/02/2024;186.860.001;189.309.998;186.770.004;189.300.003;188.584.396;43490800
07/02/2024;190.639.999;191.050.003;188.610.001;189.410.004;188.693.985;53439000
08/02/2024;189.389.999;189.539.993;187.350.006;188.320.007;187.608.109;40962000
09/02/2024;188.649.994;189.990.005;188.000.000;188.850.006;188.376.160;45155200
12/02/2024;188.419.998;188.669.998;186.789.993;187.149.994;186.680.420;41781900
13/02/2024;185.770.004;186.210.007;183.509.995;185.039.993;184.575.714;56529500
14/02/2024;185.320.007;185.529.999;182.440.002;184.149.994;183.687.943;54630500
15/02/2024;183.550.003;184.490.005;181.350.006;183.860.001;183.398.682;65434500
16/02/2024;183.419.998;184.850.006;181.669.998;182.309.998;181.852.554;49701400
20/02/2024;181.789.993;182.429.993;180.000.000;181.559.998;181.104.446;53665600
21/02/2024;181.940.002;182.889.999;180.660.004;182.320.007;181.862.549;41529700
22/02/2024;183.479.996;184.960.007;182.460.007;184.369.995;183.907.394;52292200
23/02/2024;185.009.995;185.039.993;182.229.996;182.520.004;182.062.042;45119700
26/02/2024;182.240.005;182.759.995;180.649.994;181.160.004;180.705.460;40867400
27/02/2024;181.100.006;183.919.998;179.559.998;182.630.005;182.171.768;54318900
28/02/2024;182.509.995;183.119.995;180.130.005;181.419.998;180.964.798;48953900
29/02/2024;181.270.004;182.570.007;179.529.999;180.750.000;180.296.478;136682600
01/03/2024;179.550.003;180.529.999;177.380.005;179.660.004;179.209.229;73488000
04/03/2024;176.149.994;176.899.994;173.789.993;175.100.006;174.660.660;81510100
05/03/2024;170.759.995;172.039.993;169.619.995;170.119.995;169.693.161;95132400
06/03/2024;171.059.998;171.240.005;168.679.993;169.119.995;168.695.648;68587700
07/03/2024;169.149.994;170.729.996;168.490.005;169.000.000;168.575.958;71765100
08/03/2024;169.000.000;173.699.997;168.940.002;170.729.996;170.301.605;76114600
11/03/2024;172.940.002;174.380.005;172.050.003;172.750.000;172.316.559;60139500
12/03/2024;173.149.994;174.029.999;171.009.995;173.229.996;172.795.334;59825400
13/03/2024;172.770.004;173.190.002;170.759.995;171.130.005;170.700.623;52488700
14/03/2024;172.910.004;174.309.998;172.050.003;173.000.000;172.565.933;72913500
15/03/2024;171.169.998;172.619.995;170.289.993;172.619.995;172.186.874;121664700
18/03/2024;175.570.007;177.710.007;173.520.004;173.720.001;173.284.119;75604200
19/03/2024;174.339.996;176.610.001;173.029.999;176.080.002;175.638.199;55215200
20/03/2024;175.720.001;178.669.998;175.089.996;178.669.998;178.221.710;53423100
21/03/2024;177.050.003;177.490.005;170.839.996;171.369.995;170.940.018;106181300
22/03/2024;171.759.995;173.050.003;170.059.998;172.279.999;171.847.733;71106600
25/03/2024;170.570.007;171.940.002;169.449.997;170.850.006;170.421.326;54288300
26/03/2024;170.000.000;171.419.998;169.580.002;169.710.007;169.284.195;57388400
27/03/2024;170.410.004;173.600.006;170.110.001;173.309.998;172.875.137;60273300
28/03/2024;171.750.000;172.229.996;170.509.995;171.479.996;171.049.744;65672700
01/04/2024;171.190.002;171.250.000;169.479.996;170.029.999;169.603.378;46240500
02/04/2024;169.080.002;169.339.996;168.229.996;168.839.996;168.416.351;49329500
03/04/2024;168.789.993;170.679.993;168.580.002;169.649.994;169.224.319;47691700
04/04/2024;170.289.993;171.919.998;168.820.007;168.820.007;168.396.423;53704400
05/04/2024;169.589.996;170.389.999;168.949.997;169.580.002;169.154.495;42055200
08/04/2024;169.029.999;169.199.997;168.240.005;168.449.997;168.027.344;37425500
09/04/2024;168.699.997;170.080.002;168.350.006;169.669.998;169.244.278;42451200
10/04/2024;168.800.003;169.089.996;167.110.001;167.779.999;167.359.024;49709300
11/04/2024;168.339.996;175.460.007;168.160.004;175.039.993;174.600.800;91070300
12/04/2024;174.259.995;178.360.001;174.210.007;176.550.003;176.107.025;101593300
15/04/2024;175.360.001;176.630.005;172.500.000;172.690.002;172.256.699;73531800
16/04/2024;171.750.000;173.759.995;168.270.004;169.380.005;168.955.017;73711200
17/04/2024;169.610.001;170.649.994;168.000.000;168.000.000;167.578.476;50901200
18/04/2024;168.029.999;168.639.999;166.550.003;167.039.993;166.620.880;43122900
19/04/2024;166.210.007;166.399.994;164.080.002;165.000.000;164.585.999;67772100
22/04/2024;165.520.004;167.259.995;164.770.004;165.839.996;165.423.874;48116400
23/04/2024;165.350.006;167.050.003;164.919.998;166.899.994;166.481.216;49537800
24/04/2024;166.539.993;169.300.003;166.210.007;169.020.004;168.595.917;48251800
25/04/2024;169.529.999;170.610.001;168.149.994;169.889.999;169.463.730;50558300
26/04/2024;169.880.005;171.339.996;169.179.993;169.300.003;168.875.214;44838400
29/04/2024;173.369.995;176.029.999;173.100.006;173.500.000;173.064.667;68169400
30/04/2024;173.330.002;174.990.005;170.000.000;170.330.002;169.902.634;65934800
01/05/2024;169.580.002;172.710.007;169.110.001;169.300.003;168.875.214;50383100
02/05/2024;172.509.995;173.419.998;170.889.999;173.029.999;172.595.840;94214900
03/05/2024;186.649.994;187.000.000;182.660.004;183.380.005;182.919.876;163224100
06/05/2024;182.350.006;184.199.997;180.419.998;181.710.007;181.254.089;78569700
07/05/2024;183.449.997;184.899.994;181.320.007;182.399.994;181.942.322;77305800
08/05/2024;182.850.006;183.070.007;181.449.997;182.740.005;182.281.494;45057100
09/05/2024;182.559.998;184.660.004;182.110.001;184.570.007;184.106.903;48983000
10/05/2024;184.899.994;185.089.996;182.130.005;183.050.003;182.838.364;50759500
13/05/2024;185.440.002;187.100.006;184.619.995;186.279.999;186.064.636;72044800
14/05/2024;187.509.995;188.300.003;186.289.993;187.429.993;187.213.303;52393600
15/05/2024;187.910.004;190.649.994;187.369.995;189.720.001;189.500.656;70400000
16/05/2024;190.470.001;191.100.006;189.660.004;189.839.996;189.620.514;52845200
17/05/2024;189.509.995;190.809.998;189.179.993;189.869.995;189.650.482;41282900
20/05/2024;189.330.002;191.919.998;189.009.995;191.039.993;190.819.122;44361300
21/05/2024;191.089.996;192.729.996;190.919.998;192.350.006;192.127.625;42309400
22/05/2024;192.270.004;192.820.007;190.270.004;190.899.994;190.679.291;34648500
23/05/2024;190.979.996;191.000.000;186.630.005;186.880.005;186.663.940;51005900
24/05/2024;188.820.007;190.580.002;188.039.993;189.979.996;189.760.345;36294600
28/05/2024;191.509.995;193.000.000;189.100.006;189.990.005;189.770.355;52280100
29/05/2024;189.610.001;192.250.000;189.509.995;190.289.993;190.069.992;53068000
30/05/2024;190.759.995;192.179.993;190.630.005;191.289.993;191.068.832;49947900
31/05/2024;191.440.002;192.570.007;189.910.004;192.250.000;192.027.725;75158300
03/06/2024;192.899.994;194.990.005;192.520.004;194.029.999;193.805.664;50080500
04/06/2024;194.639.999;195.320.007;193.029.999;194.350.006;194.125.305;47471400
05/06/2024;195.399.994;196.899.994;194.869.995;195.869.995;195.643.539;54156800
06/06/2024;195.690.002;196.500.000;194.169.998;194.479.996;194.255.142;41181800
07/06/2024;194.649.994;196.940.002;194.139.999;196.889.999;196.662.369;53103900
10/06/2024;196.899.994;197.300.003;192.149.994;193.119.995;192.896.713;97262100
11/06/2024;193.649.994;207.160.004;193.630.005;207.149.994;206.910.492;172373300
12/06/2024;207.369.995;220.199.997;206.899.994;213.070.007;212.823.669;198134300
13/06/2024;214.740.005;216.750.000;211.600.006;214.240.005;213.992.310;97862700
14/06/2024;213.850.006;215.169.998;211.300.003;212.490.005;212.244.339;70122700
17/06/2024;213.369.995;218.949.997;212.720.001;216.669.998;216.419.495;93728300
18/06/2024;217.589.996;218.630.005;213.000.000;214.289.993;214.042.236;79943300
20/06/2024;213.929.993;214.240.005;208.850.006;209.679.993;209.437.576;86172500
21/06/2024;210.389.999;211.889.999;207.110.001;207.490.005;207.250.122;246421400
24/06/2024;207.720.001;212.699.997;206.589.996;208.139.999;207.899.353;80727000
25/06/2024;209.149.994;211.380.005;208.610.001;209.070.007;208.828.293;56713900
26/06/2024;211.500.000;214.860.001;210.639.999;213.250.000;213.003.448;66213200
27/06/2024;214.690.002;215.740.005;212.350.006;214.100.006;213.852.478;49772700
28/06/2024;215.770.004;216.070.007;210.300.003;210.619.995;210.376.480;82542700
01/07/2024;212.089.996;217.509.995;211.919.998;216.750.000;216.499.405;60402900
02/07/2024;216.149.994;220.380.005;215.100.006;220.270.004;220.015.335;58046200
03/07/2024;220.000.000;221.550.003;219.029.999;221.550.003;221.293.854;37369800
05/07/2024;221.649.994;226.449.997;221.649.994;226.339.996;226.078.308;60412400
08/07/2024;227.089.996;227.850.006;223.250.000;227.820.007;227.556.610;59085900
09/07/2024;227.929.993;229.399.994;226.369.995;228.679.993;228.415.604;48076100
10/07/2024;229.300.003;233.080.002;229.250.000;232.979.996;232.710.632;62627700
11/07/2024;231.389.999;232.389.999;225.770.004;227.570.007;227.306.900;64710600
12/07/2024;228.919.998;232.639.999;228.679.993;230.539.993;230.273.453;53046500
15/07/2024;236.479.996;237.229.996;233.089.996;234.399.994;234.128.998;62631300
16/07/2024;235.000.000;236.270.004;232.330.002;234.820.007;234.548.523;43234300
17/07/2024;229.449.997;231.460.007;226.639.999;228.880.005;228.615.387;57345900
18/07/2024;230.279.999;230.440.002;222.270.004;224.179.993;223.920.807;66034600
19/07/2024;224.820.007;226.800.003;223.279.999;224.309.998;224.050.659;49151500
22/07/2024;227.009.995;227.779.999;223.089.996;223.960.007;223.701.080;48201800
23/07/2024;224.369.995;226.940.002;222.679.993;225.009.995;224.749.847;39960300
24/07/2024;224.000.000;224.800.003;217.130.005;218.539.993;218.287.323;61777600
25/07/2024;218.929.993;220.850.006;214.619.995;217.490.005;217.238.556;51391200
26/07/2024;218.699.997;219.490.005;216.009.995;217.960.007;217.708.008;41601300
29/07/2024;216.960.007;219.300.003;215.750.000;218.240.005;217.987.686;36311800
30/07/2024;219.190.002;220.330.002;216.119.995;218.800.003;218.547.043;41643800
31/07/2024;221.440.002;223.820.007;220.630.005;222.080.002;221.823.242;50036300
01/08/2024;224.369.995;224.479.996;217.020.004;218.360.001;218.107.544;62501000
02/08/2024;219.149.994;225.600.006;217.710.007;219.860.001;219.605.804;105568600
05/08/2024;199.089.996;213.500.000;196.000.000;209.270.004;209.028.061;119548600
06/08/2024;205.300.003;209.990.005;201.070.007;207.229.996;206.990.402;69660500
07/08/2024;206.899.994;213.639.999;206.389.999;209.820.007;209.577.423;63516400
08/08/2024;213.110.001;214.199.997;208.830.002;213.309.998;213.063.385;47161100
09/08/2024;212.100.006;216.779.999;211.970.001;216.240.005;215.990.005;42201600
12/08/2024;216.070.007;219.509.995;215.600.006;217.529.999;217.529.999;38028100
13/08/2024;219.009.995;221.889.999;219.009.995;221.270.004;221.270.004;44155300
14/08/2024;220.570.007;223.029.999;219.699.997;221.720.001;221.720.001;41960600
15/08/2024;224.600.006;225.350.006;222.759.995;224.720.001;224.720.001;46414000
16/08/2024;223.919.998;226.830.002;223.649.994;226.050.003;226.050.003;44340200
19/08/2024;225.720.001;225.990.005;223.039.993;225.889.999;225.889.999;40687800
20/08/2024;225.770.004;227.169.998;225.449.997;226.509.995;226.509.995;30299000
21/08/2024;226.520.004;227.979.996;225.050.003;226.399.994;226.399.994;34765500
22/08/2024;227.789.993;228.339.996;223.899.994;224.529.999;224.529.999;43695300
23/08/2024;225.660.004;228.220.001;224.330.002;226.839.996;226.839.996;38677300
26/08/2024;226.759.995;227.279.999;223.889.999;227.179.993;227.179.993;30539300
